,人物ID,著者名,作品ID,作品名,仮名遣い種別,翻訳者名等,入力者名,校正者名,状態,状態の開始日,底本名,出版社名,入力に使用した版,校正に使用した版
49,879,芥川 竜之介,15,アグニの神,新字旧仮名,,j.utiyama,かとうかおり,公開,1998-12-11,現代日本文學大系　43　芥川龍之介集,筑摩書房,1968（昭和43）年8月25日初版第1刷,
113,879,芥川 竜之介,69,河童,新字新仮名,,もりみつじゅんじ,かとうかおり,公開,1999-01-24,河童・或る阿呆の一生,旺文社文庫、旺文社,1984（昭和59）年重版,
151,879,芥川 竜之介,37,戯作三昧,新字旧仮名,,j.utiyama,かとうかおり,公開,1999-01-16,現代日本文学大系　43　芥川龍之介集,筑摩書房,1968（昭和43）年8月25日初版第1刷,
188,879,芥川 竜之介,60,地獄変,新字旧仮名,,もりみつじゅんじ,j.utiyama,公開,1998-12-02,芥川龍之介全集　第一巻,岩波書店,,
202,879,芥川 竜之介,158,侏儒の言葉,新字新仮名,,j.utiyama,かとうかおり,公開,1999-01-13,芥川龍之介全集7,ちくま文庫、筑摩書房,1998（平成10）年2月17日第4刷,1998（平成10）年2月17日第4刷
228,879,芥川 竜之介,2325,仙人,新字旧仮名,,j.utiyama,j.utiyama,公開,1999-02-15,芥川龍之介全集　第四巻,筑摩書房,1971（昭和46）年10月5日初版第5刷,1971（昭和46）年10月5日初版第5刷
277,879,芥川 竜之介,170,杜子春,新字旧仮名,,j.utiyama,野口英司,公開,1998-05-20,現代日本文学大系　43　芥川龍之介集,筑摩書房,1968（昭和43）年8月25日初版第1刷,
308,879,芥川 竜之介,40,歯車,新字旧仮名,,j.utiyama,かとうかおり,公開,1998-04-27,現代日本文学大系　43　芥川龍之介集,筑摩書房,1968（昭和43）年8月25日初版第1刷,
361,879,芥川 竜之介,55721,本所両国,新字新仮名,,門田裕志,仙酔ゑびす,公開,2013-07-24,大東京繁昌記,毎日新聞社,1999（平成11）年5月15日,1999（平成11）年5月15日
371,879,芥川 竜之介,98,蜜柑,新字旧仮名,,j.utiyama,野口英司,公開,1998-03-16,現代日本文学大系　43　芥川龍之介集,筑摩書房,1968（昭和43）年8月25日初版第1刷,
390,879,芥川 竜之介,179,藪の中,新字新仮名,,野口英司、平山誠,もりみつじゅんじ,公開,1997-11-10,芥川龍之介全集4,ちくま文庫、筑摩書房,1996（平成8）年7月15日第8刷,1996（平成8）年7月15日第8刷
398,879,芥川 竜之介,186,夢,新字新仮名,,j.utiyama,もりみつじゅんじ,公開,1999-03-01,芥川龍之介全集6,ちくま文庫、筑摩書房,1993（平成5）年2月25日第6刷,
405,879,芥川 竜之介,128,羅生門,旧字旧仮名,,j.utiyama,野口英司、もりみつじゅんじ,公開,1999-06-09,新選　名著復刻全集　近代文学館　芥川龍之介著　羅生門　阿蘭陀書房版,ほるぷ出版,,
558,19,アンデルセン ハンス・クリスチャン,194,マッチ売りの少女,新字新仮名,大久保 ゆう,大久保ゆう,,公開,1999-12-29,,,,
640,1380,石川 欣一,49593,可愛い山,新字新仮名,,川山隆,門田裕志,公開,2010-01-01,山の旅　大正・昭和篇,岩波文庫、岩波書店,2007（平成19）年8月6日第5刷,2007（平成19）年8月6日第5刷
659,153,石川 啄木,4698,足跡,旧字旧仮名,,Nana ohbe,林幸雄,公開,2003-11-11,石川啄木作品集　第三巻,昭和出版社,1970（昭和45）年11月20日発行,1960（昭和35）年3月10日発行
678,153,石川 啄木,4100,菊池君,旧字旧仮名,,Nana ohbe,松永正敏,公開,2003-03-30,石川啄木作品集　第二巻,昭和出版社,1970（昭和45）年11月20日発行,1972（昭和47）年6月20日発行
680,153,石川 啄木,4097,雲は天才である,旧字旧仮名,,Nana ohbe,松永正敏,公開,2003-03-26,石川啄木作品集　第二巻,昭和出版社,1970（昭和45）年11月20日発行,1972（昭和47）年6月20日発行
686,153,石川 啄木,45463,札幌,新字旧仮名,,Nana ohbe,川山隆,公開,2008-07-30,石川啄木全集　第三巻　小説,筑摩書房,1993（平成5）年5月20日初版第7刷,1993（平成5）年5月20日初版第7刷
696,153,石川 啄木,4697,赤痢,旧字旧仮名,,Nana ohbe,林幸雄,公開,2003-11-10,石川啄木作品集　第三巻,昭和出版社,1970（昭和45）年11月20日発行,1960（昭和35）年3月10日発行
700,153,石川 啄木,4098,葬列,旧字旧仮名,,Nana ohbe,松永正敏,公開,2003-04-04,石川啄木作品集　第二巻,昭和出版社,1970（昭和45）年11月20日発行,1972（昭和47）年6月20日発行
705,153,石川 啄木,4695,鳥影,旧字旧仮名,,Nana ohbe,林幸雄,公開,2007-02-25,石川啄木作品集　第三巻,昭和出版社,1970（昭和45）年11月20日,　
712,153,石川 啄木,4104,葉書,旧字旧仮名,,Nana ohbe,松永正敏,公開,2003-04-12,石川啄木作品集　第二巻,昭和出版社,1970（昭和45）年11月20日発行,1972（昭和47）年6月20日発行
715,153,石川 啄木,4101,病院の窓,旧字旧仮名,,Nana ohbe,松永正敏,公開,2003-04-12,石川啄木作品集　第二巻,昭和出版社,1970（昭和45）年11月20日発行,1972（昭和47）年6月20日発行
718,153,石川 啄木,4099,漂泊,旧字旧仮名,,Nana ohbe,松永正敏,公開,2003-04-07,石川啄木作品集　第二巻,昭和出版社,1970（昭和45）年11月20日発行,1972（昭和47）年6月20日発行
720,153,石川 啄木,45469,天鵞絨,新字旧仮名,,Nana ohbe,川山隆,公開,2008-11-11,石川啄木全集　第三巻　小説,筑摩書房,1993（平成5）年5月20日初版第7刷,1993（平成5年）年5月20日初版第7刷
723,153,石川 啄木,45470,二筋の血,新字旧仮名,,Nana ohbe,川山隆,公開,2008-07-30,石川啄木全集　第三巻　小説,筑摩書房,1993（平成5）年5月20日初版第7刷,1993（平成5）年5月20日初版第7刷
730,153,石川 啄木,49679,弓町より,新字旧仮名,,林幸雄,noriko saito,公開,2011-02-06,石川啄木全集　第四巻　評論・感想,筑摩書房,1982（昭和57）年11月30日初版第3刷,1988（昭和63）年2月1日初版第5刷
814,50,泉 鏡花,57475,海城発電,新字新仮名,,日根敏晶,門田裕志,公開,2016-09-01,泉鏡花集成2,ちくま文庫、筑摩書房,1996（平成8）年4月24日第1刷,1996（平成8）年4月24日第1刷
852,50,泉 鏡花,4997,化鳥,新字新仮名,,門田裕志,カエ,公開,2003-09-11,泉鏡花集成3,ちくま文庫、筑摩書房,1996（平成8）年1月24日第1刷, 
855,50,泉 鏡花,48403,紅玉,新字旧仮名,,門田裕志,川山隆,公開,2009-05-27,日本幻想文学集成1　泉鏡花,国書刊行会,1995（平成7）年10月9日初版第5刷,1991（平成3）年3月25日初版第1刷
857,50,泉 鏡花,43466,高野聖,新字旧仮名,,砂場清隆,門田裕志,公開,2007-03-18,新編　泉鏡花集　第八巻,岩波書店,2004（平成16）年1月7日第1刷,2004（平成16）年1月7日第1刷
865,50,泉 鏡花,57477,三尺角,新字新仮名,,日根敏晶,門田裕志,公開,2016-07-01,化鳥・三尺角　他六篇,岩波文庫、岩波書店,2015（平成27）年5月15日第2刷,2013（平成25）年11月15日第1刷
892,50,泉 鏡花,43224,雪霊記事,新字新仮名,,門田裕志,土屋隆,公開,2005-11-23,泉鏡花集成7,ちくま文庫、筑摩書房,1995（平成7）年12月4日第1刷,2003（平成15）年5月15日第2刷
894,50,泉 鏡花,43225,雪霊続記,新字新仮名,,門田裕志,土屋隆,公開,2005-11-24,泉鏡花集成7,ちくま文庫、筑摩書房,1995（平成7）年12月4日第1刷,2003（平成15）年5月15日第2刷
927,50,泉 鏡花,48411,伯爵の釵,新字旧仮名,,門田裕志,川山隆,公開,2009-05-31,日本幻想文学集成1　泉鏡花,国書刊行会,1995（平成7）年10月9日初版第5刷,1991（平成3）年3月25日初版第1刷
947,50,泉 鏡花,4741,星あかり,旧字旧仮名,,門田裕志,鈴木厚司,公開,2003-06-02,鏡花全集　巻四,岩波書店,1986（昭和61）年12月3日第3刷,
980,50,泉 鏡花,46566,夜釣,新字旧仮名,,門田裕志,土屋隆,公開,2006-12-19,集成　日本の釣り文学　第九巻　釣り話　魚話,作品社,1996（平成8）年10月10日第1刷,1996（平成8）年10月10日第1刷　
983,50,泉 鏡花,57471,竜潭譚,新字新仮名,,日根敏晶,門田裕志,公開,2016-11-04,泉鏡花集成3,ちくま文庫、筑摩書房,1996（平成8）年1月24日第1刷,1996（平成8）年1月24日第1刷
1088,58,伊藤 左千夫,1036,水害雑録,新字新仮名,,大野晋,松永正敏,公開,2000-10-23,野菊の墓,角川文庫、角川書店,,
1097,58,伊藤 左千夫,625,奈々子,新字新仮名,,大野晋,大西敦子,公開,2000-06-02,野菊の墓,集英社文庫、集英社,1981（昭和56）年6月15日第4刷,
1110,58,伊藤 左千夫,51306,八幡の森,旧字旧仮名,,Ｈ．ＹＡＭ,高瀬竜一,公開,2013-10-05,左千夫全集　第二卷,岩波書店,1976（昭和51）年11月25日,1976（昭和51）年11月25日
1203,416,伊藤 野枝,47409,惑ひ,新字旧仮名,,門田裕志,Juki,公開,2013-10-17,定本　伊藤野枝全集　第一巻　創作,學藝書林,2000（平成12）年3月15日初版,2000（平成12）年3月15日初版
1351,235,上田 敏,51172,海潮音,旧字旧仮名,上田 敏,阿部哲也,川山隆,公開,2011-02-20,上田敏全訳詩集,岩波書店,1979（昭和54）年10月10日第19刷,1990（平成2）年 5月15日第27刷
1378,235,上田 敏,51173,牧羊神,旧字旧仮名,上田 敏,阿部哲也,川山隆,公開,2011-02-20,明治文學全集　31　上田敏集,筑摩書房,1983（昭和58）年10月1日初版第4刷,1983（昭和58）年10月1日初版第4刷
1754,1779,江戸川 乱歩,57227,かいじん二十めんそう,新字新仮名,,sogo,北川松生,公開,2016-05-31,江戸川乱歩全集　第21巻　ふしぎな人,光文社文庫、光文社,2005（平成17）年3月20日初版1刷,2005（平成17）年3月20日初版1刷
2050,169,大杉 栄,50263,革命の研究,旧字旧仮名,大杉 栄,クロポトキン・プロジェクト,浜坂邦彦,公開,2014-08-07,革命の研究,コスモス書店,1946（昭和21）年4月20日,　
2179,1474,丘 浅次郎,57164,理科教育の根底,新字旧仮名,,矢野重藤,hitsuji,公開,2020-12-31,近代日本思想大系　9　丘浅次郎集,筑摩書房,1974（昭和49）年9月20日初版1刷 ,1974（昭和49）年9月20日初版第1刷
2214,76,岡本 かの子,58305,愛,新字新仮名,,門田裕志,noriko saito,公開,2020-03-01,岡本かの子全集5,ちくま文庫、筑摩書房,1993（平成5）年8月24日第1刷,1993（平成5）年8月24日第1刷
2220,76,岡本 かの子,58399,汗,新字新仮名,,門田裕志,いとうおちゃ,公開,2020-02-18,岡本かの子全集1,ちくま文庫、筑摩書房,1994（平成6）年1月24日第1刷,1994（平成6）年1月24日第1刷
2265,76,岡本 かの子,58299,蝙蝠,新字新仮名,,門田裕志,noriko saito,公開,2021-02-18,岡本かの子全集5,ちくま文庫、筑摩書房,1993（平成5）年8月24日第1刷,1993（平成5）年8月24日第1刷
2267,76,岡本 かの子,58421,五月の朝の花,新字新仮名,,門田裕志,noriko saito,公開,2018-05-09,岡本かの子全集12,ちくま文庫、筑摩書房,1994（平成6）年7月21日第1刷,1994（平成6）年7月21日第1刷
2309,76,岡本 かの子,58435,巴里のむす子へ,新字新仮名,,門田裕志,noriko saito,公開,2019-01-07,岡本かの子全集12,ちくま文庫、筑摩書房,1994（平成6）年7月21日第1刷,1994（平成6）年7月21日第1刷
2324,76,岡本 かの子,58428,みちのく,新字新仮名,,門田裕志,noriko saito,公開,2020-10-24,岡本かの子全集5,ちくま文庫、筑摩書房,1993（平成5）年8月24日第1刷,1993（平成5）年8月24日第1刷
2331,76,岡本 かの子,58429,雪の日,新字新仮名,,門田裕志,noriko saito,公開,2018-03-01,岡本かの子全集11,ちくま文庫、筑摩書房,1994（平成6）年6月23日第1刷,1994（平成6）年6月23日第1刷
2336,76,岡本 かの子,58431,老妓抄,新字新仮名,,門田裕志,noriko saito,公開,2020-02-18,岡本かの子全集5,ちくま文庫、筑摩書房,1993（平成5）年8月24日第1刷,1993（平成5）年8月24日第1刷
2388,82,岡本 綺堂,1313,魚妖,新字旧仮名,,土屋隆,門田裕志,公開,2006-04-05,日本の名随筆　別巻64　怪談,作品社,1996（平成8）年6月25日第1刷,1996（平成8）年6月25日第1刷
2410,82,岡本 綺堂,1312,修禅寺物語,新字新仮名,,土屋隆,小林繁雄,公開,2006-05-30,日本の文学　77　名作集（一）,中央公論社,1970（昭和45）年7月5日初版,1970（昭和45）年7月5日初版
2482,82,岡本 綺堂,1293,半七捕物帳 01 お文の魂,新字新仮名,,A.Morimine,原田頌子,公開,2001-04-13,時代推理小説　半七捕物帳（一）,光文社文庫、光文社,1997（平成9）年3月25日20刷,
2553,82,岡本 綺堂,1309,番町皿屋敷,新字旧仮名,,和井府清十郎,小林繁雄,公開,2001-04-20,現代日本文學全集　56　小杉天外　小栗風葉　岡本綺堂　眞山青果集,筑摩書房,,1957（昭和32）年6月10日初版
2626,1475,小川 未明,55054,新しい町,新字新仮名,,特定非営利活動法人はるかぜ,へくしん,公開,2021-02-21,定本小川未明童話全集　4,講談社,1977（昭和52）年C第2刷,1977（昭和52）年C第2刷
2693,1475,小川 未明,51114,お母さん,新字新仮名,,ぷろぼの青空工作員チーム入力班,江村秀之,公開,2013-12-21,定本小川未明童話全集　3,講談社,1981（昭和56）年1月6日第7刷,1977（昭和52）年1月10日第1刷
2785,1475,小川 未明,50999,金の輪,新字新仮名,,特定非営利活動法人はるかぜ,江村秀之,公開,2013-10-04,定本小川未明童話全集　1,講談社,1977（昭和52）年C第3刷,1977（昭和52）年A第2刷
3300,91,尾崎 紅葉,50354,鬼桃太郎,新字新仮名,,田中哲郎,みきた,公開,2018-10-30,妖怪文藝〈巻之弐〉　響き交わす鬼,小学館文庫、小学館,2005（平成17）年10月1日初版第1刷,2005（平成17）年10月1日初版第1刷
3343,40,織田 作之助,42689,雨,新字新仮名,,土屋隆,米田,公開,2011-12-07,日本文学全集72　織田作之助　井上友一郎集,集英社,1975（昭和50）年3月8日,1980（昭和55）年1月30日2版
3387,40,織田 作之助,53806,放浪,新字新仮名,,kompass,小林繁雄,公開,2013-08-06,俗臭　織田作之助［初出］作品集,インパクト出版会,2011(平成23)年5月20日初版第1刷,2011(平成23)年5月20日初版第1刷
3407,40,織田 作之助,1326,わが町,新字新仮名,,生野一路,小林繁雄,公開,2001-09-18,織田作之助　名作選集9,現代社,,
3501,933,折口 信夫,16032,最古日本の女性生活の根柢,新字新仮名,,高柳典子,多羅尾伴内,公開,2004-01-29,古代研究１－祭りの発生,中公クラシックス、中央公論新社,2002（平成14）年8月10日,
3508,933,折口 信夫,46383,詩語としての日本語,新字新仮名,,門田裕志,仙酔ゑびす,公開,2007-04-18,昭和文学全集　第4巻,小学館,1993（平成5）年9月10日初版第2刷,1993（平成5）年9月10日初版第2刷
3512,933,折口 信夫,24380,死者の書,旧字旧仮名,,門田裕志,多羅尾伴内,公開,2009-02-19,折口信夫全集　第廿四巻,中央公論社,1967（昭和42）年10月25日,1967（昭和42）年10月25日
3579,933,折口 信夫,47197,日本文学の発生,新字旧仮名,,門田裕志,仙酔ゑびす,公開,2009-09-14,折口信夫全集　4,中央公論社,1995（平成7）年5月10日初版,1995（平成7）年5月10日初版
3626,933,折口 信夫,16031,水の女,新字新仮名,,高柳典子,多羅尾伴内,公開,2004-01-26,古代研究１―祭りの発生,中公クラシックス、中央公論新社,2002（平成14）年8月10日,
3635,933,折口 信夫,46385,役者の一生,新字新仮名,,門田裕志,仙酔ゑびす,公開,2007-04-23,昭和文学全集第4巻,小学館,1993（平成5）年9月10日初版第2刷,1993（平成5）年9月10日初版第2刷
3638,933,折口 信夫,45498,山越しの阿弥陀像の画因,新字旧仮名,,門田裕志,仙酔ゑびす,公開,2007-03-17,折口信夫全集32,中央公論社,1998（平成10）年1月20日初版,1998（平成10）年1月20日初版
3706,984,葛西 善蔵,1070,哀しき父,新字旧仮名,,林田清明,松永正敏,公開,2000-09-21,現代日本文學大系　49　葛西善藏　嘉村礒多　相馬泰三　川崎長太郎　宮路嘉六　木山捷平　集,筑摩書房,1973（昭和48）年2月5日初版第1刷,
3710,984,葛西 善蔵,47059,子をつれて,新字新仮名,,任天堂株式会社,小林繁雄、門田裕志,公開,2008-04-11,哀しき父・椎の若葉,講談社文芸文庫、講談社,1994（平成6）年12月10日第1刷,1994（平成6）年12月10日第1刷
3712,984,葛西 善蔵,1097,椎の若葉,新字旧仮名,,林田清明,松永正敏,公開,2000-09-21,現代日本文學大系　49　葛西善藏　嘉村礒多　相馬泰三　川崎長太郎　宮路嘉六　木山捷平　集,筑摩書房,1973（昭和48）年2月5日初版第1刷,
3746,74,梶井 基次郎,47552,桜の樹の下には,新字旧仮名,,hoge,小林繁雄,公開,2008-03-12,現代日本文學大系　63　梶井基次郎・外村繁・中島敦集,筑摩書房,1987（昭和62）年9月15日初版第14刷,1987（昭和62）年9月15日初版第14刷
3772,74,梶井 基次郎,46349,檸檬,旧字旧仮名,,高柳典子,小林繁雄,公開,2006-09-10,創作　檸檬,十字屋書店,1940（昭和15）年12月20日第2刷,1940（昭和15）年12月20日第2刷
3950,248,上司 小剣,1334,鱧の皮,新字旧仮名,,鈴木厚司,林幸雄,公開,2001-03-02,現代日本文學体系21　岩野泡鳴・上司小劍・眞山青果・近松秋江集,筑摩書房,1975（昭和50）年3月5日第5刷,1985（昭和60）年11月10日第14刷
4099,83,菊池 寛,47858,入れ札,新字新仮名,,川山隆,noriko saito,公開,2008-08-25,藤十郎の恋・恩讐の彼方に,新潮文庫、新潮社,1990（平成2）年1月15日第34刷,1990（平成2）年1月15日第34刷
4140,83,菊池 寛,4822,真珠夫人,新字新仮名,,kompass,Juki、門田裕志、トレンドイースト,公開,2014-06-23,真珠夫人（下）,新潮文庫、新潮社,2002（平成14）年8月1日,2002（平成14）年8月1日
4153,83,菊池 寛,47857,藤十郎の恋,新字新仮名,,川山隆,noriko saito,公開,2008-09-24,藤十郎の恋・恩讐の彼方に,新潮文庫、新潮社,1990（平成2）年1月15日第34刷,1990（平成2）年1月15日第34刷
4261,1154,岸田 国士,44644,演出者として,新字旧仮名,,tatsuki,門田裕志,公開,2010-02-14,岸田國士全集24,岩波書店,1991（平成3）年3月8日,1991（平成3）年3月8日
4307,1154,岸田 国士,44753,感想,新字旧仮名,,tatsuki,門田裕志,公開,2010-07-15,岸田國士全集27,岩波書店,1991（平成3）年12月9日,1991（平成3）年12月9日
4599,1154,岸田 国士,53193,隣の花,新字旧仮名,,kompass,門田裕志,公開,2012-04-11,岸田國士全集3,岩波書店,1990（平成2）年5月8日,1990（平成2）年5月8日
4742,1154,岸田 国士,43581,方言について,新字旧仮名,,大野晋,多羅尾伴内,公開,2005-01-03,日本の名随筆　別巻66　方言,作品社,1996（平成8）年8月20日第1刷,
5093,106,北原 白秋,56910,白南風,新字旧仮名,,光森裕樹,岡村和彦,公開,2015-01-25,白秋全集　10,岩波書店,1986（昭和61）年4月7日,1986（昭和61）年4月7日初版
5097,106,北原 白秋,52370,新頌,旧字旧仮名,,岡村和彦,川山隆,公開,2011-03-01,白秋詩歌集　第二卷,河出書房,1941（昭和16）年2月19日,　
5294,1052,久坂 葉子,59900,幾度目かの最期,新字新仮名,,kompass,The Creative CAT,公開,2019-12-31,幾度目かの最期,講談社文芸文庫、講談社,2005（平成17）年12月10日第1刷,2018（平成30）年4月12日第7刷
5517,38,国木田 独歩,1410,画の悲み,旧字旧仮名,,鈴木厚司,小林繁雄,公開,2001-12-21,定本　国木田独歩全集　第二巻,学習研究社,1995（平成7）年7月3日増補版,1995（平成7）年7月3日増補版
5528,38,国木田 独歩,334,少年の悲哀,新字新仮名,,紅邪鬼,鈴木厚司,公開,2000-07-07,号外・少年の悲哀　他六篇,岩波文庫、岩波書店,1981（昭和56）年4月10日第34刷,2000（平成12）年7月14日第38刷
5664,1092,グリム ヴィルヘルム・カール,59748,ヘンゼルとグレーテル,新字新仮名,矢崎 源九郎,sogo,チエコ,公開,2021-09-20,グリム童話集（1）,偕成社文庫、偕成社,2009（平成21）年6月49刷,2014（平成26）年12月51刷
5670,1092,グリム ヴィルヘルム・カール,42309,ラプンツェル,新字新仮名,中島 孤島,大久保ゆう,鈴木厚司,公開,2005-04-06,グリム童話集,冨山房,1938（昭和13）年12月12日,　
5708,1091,グリム ヤーコプ・ルートヴィッヒ・カール,59748,ヘンゼルとグレーテル,新字新仮名,矢崎 源九郎,sogo,チエコ,公開,2021-09-20,グリム童話集（1）,偕成社文庫、偕成社,2009（平成21）年6月49刷,2014（平成26）年12月51刷
5714,1091,グリム ヤーコプ・ルートヴィッヒ・カール,42309,ラプンツェル,新字新仮名,中島 孤島,大久保ゆう,鈴木厚司,公開,2005-04-06,グリム童話集,冨山房,1938（昭和13）年12月12日,　
5775,1229,クロポトキン ピョートル・アレクセーヴィチ,50263,革命の研究,旧字旧仮名,大杉 栄,クロポトキン・プロジェクト,浜坂邦彦,公開,2014-08-07,革命の研究,コスモス書店,1946（昭和21）年4月20日,　
5843,258,小泉 八雲,52949,夜光虫,新字新仮名,林田 清明,林田清明,林田清明,公開,2011-04-03,,,,
5887,51,幸田 露伴,1436,観画談,新字新仮名,,土屋隆,オーシャンズ３,公開,2008-02-06,幻談・観画談　他三篇,岩波文庫、岩波書店,1994（平成6）年5月15日第6刷,2005（平成17）年11月25日第17刷
5896,51,幸田 露伴,50351,五重塔,新字新仮名,,佐野良二,川山隆,公開,2009-11-03,日本の文学　1　坪内逍遙　二葉亭四迷　幸田露伴,中央公論社,1970（昭和45）年1月5日初版,1970（昭和45）年1月5日初版
5898,51,幸田 露伴,1438,骨董,新字新仮名,,土屋隆,オーシャンズ３,公開,2008-02-06,幻談・観画談　他三篇,岩波文庫、岩波書店,1994（平成6）年5月15日第6刷,2005（平成17）年11月25日第17刷
6338,1059,斎藤 茂吉,43502,仏法僧鳥,新字旧仮名,,kamille,小林繁雄、門田裕志,公開,2005-01-30,斎藤茂吉選集　第八巻,岩波書店,1981（昭和56）年5月27日第1刷,1998（平成10）年8月7日第2刷
6341,1059,斎藤 茂吉,49599,遍路,新字新仮名,,川山隆,門田裕志,公開,2009-07-31,山の旅　大正・昭和篇,岩波文庫、岩波書店,2007（平成19）年8月6日第5刷,2007（平成19）年8月6日第5刷
6382,1095,坂口 安吾,56808,悪妻論,新字新仮名,,Nana ohbe,酒井裕二,公開,2016-05-10,堕落論・日本文化私観　他二十二篇,岩波文庫、岩波書店,2013（平成25）年4月5日第6刷,2014（平成26）年11月14日第7刷
6386,1095,坂口 安吾,45809,新らしき性格感情,新字旧仮名,,tatsuki,noriko saito,公開,2009-05-26,坂口安吾全集　01,筑摩書房,1999（平成11）年5月20日初版第1刷,1999（平成11）年5月20日初版第1刷
6388,1095,坂口 安吾,45811,新らしき文学,新字旧仮名,,tatsuki,noriko saito,公開,2009-06-07,坂口安吾全集　01,筑摩書房,1999（平成11）年5月20日初版第1刷,1999（平成11）年5月20日初版第1刷
6435,1095,坂口 安吾,42911,家康,新字旧仮名,,tatsuki,小林繁雄,公開,2007-01-17,坂口安吾全集　04,筑摩書房,1998（平成10）年5月22日初版第1刷,1998（平成10）年5月22日初版第1刷
6450,1095,坂口 安吾,56809,意慾的創作文章の形式と方法,新字新仮名,,Nana ohbe,酒井裕二,公開,2016-02-27,堕落論・日本文化私観　他二十二篇,岩波文庫、岩波書店,2013（平成25）年4月5日第6刷,2014（平成26）年11月14日第7刷
6468,1095,坂口 安吾,56800,オモチャ箱,新字新仮名,,Nana ohbe,酒井裕二,公開,2015-07-06,風と光と二十の私と・いずこへ　他十六篇,岩波文庫、岩波書店,2013（平成25）年1月25日第3刷,2013（平成25）年1月25日第3刷
6477,1095,坂口 安吾,56811,咢堂小論,新字新仮名,,Nana ohbe,酒井裕二,公開,2016-06-12,堕落論・日本文化私観　他二十二篇,岩波文庫、岩波書店,2013（平成25）年4月5日第6刷,2014（平成26）年11月14日第7刷
6484,1095,坂口 安吾,42616,風博士,新字新仮名,,砂場清隆,伊藤時也,公開,2006-01-01,坂口安吾全集１,ちくま文庫、筑摩書房,1989（平成元）年12月25日第2刷,1989（平成元）年12月4日第1刷
6491,1095,坂口 安吾,43004,閑山,新字旧仮名,,tatsuki,今井忠夫,公開,2006-01-23,坂口安吾全集　02,筑摩書房,1999（平成11）年4月20日初版第1刷,1999（平成11）年4月20日初版第1刷
6500,1095,坂口 安吾,56812,教祖の文学 ――小林秀雄論――,新字新仮名,,Nana ohbe,酒井裕二,公開,2015-10-20,堕落論・日本文化私観　他二十二篇,岩波文庫、岩波書店,2013（平成25）年4月5日第6刷,2014（平成26）年11月14日第7刷
6532,1095,坂口 安吾,45720,講談先生,新字新仮名,,高田農業高校生産技術科流通経済コース,小林繁雄,公開,2006-08-23,坂口安吾選集　第五巻小説5,講談社,1982（昭和57）年6月12日第1刷,1982（昭和57）年6月12日第1刷
6539,1095,坂口 安吾,45832,枯淡の風格を排す,新字旧仮名,,tatsuki,伊藤時也,公開,2010-07-08,坂口安吾全集　01,筑摩書房,1999（平成11）年5月20日初版第1刷,1999（平成11）年5月20日初版第1刷
6547,1095,坂口 安吾,45786,今後の寺院生活に対する私考,新字旧仮名,,tatsuki,noriko saito,公開,2009-05-22,坂口安吾全集　01,筑摩書房,1999（平成11）年5月20日初版第1刷,1999（平成11）年5月20日初版第1刷
6549,1095,坂口 安吾,45737,今日の感想,新字新仮名,,高田農業高校生産技術科流通経済コース,小林繁雄,公開,2006-10-17,坂口安吾選集　第十巻エッセイ1,講談社,1982（昭和57）年8月12日第1刷,1982（昭和57）年8月12日第1刷
6570,1095,坂口 安吾,56801,篠笹の陰の顔,新字新仮名,,Nana ohbe,酒井裕二,公開,2015-07-15,風と光と二十の私と・いずこへ　他十六篇,岩波文庫、岩波書店,2013（平成25）年1月25日第3刷,2013（平成25）年1月25日第3刷
6612,1095,坂口 安吾,57480,禅僧,新字新仮名,,日根敏晶,noriko saito,公開,2019-10-20,桜の森の満開の下,講談社文芸文庫、講談社,2015（平成27）年4月15日第47刷,2015（平成27）年4月15日第47刷
6639,1095,坂口 安吾,57481,小さな部屋,新字新仮名,,日根敏晶,まつもこ,公開,2017-10-20,桜の森の満開の下,講談社文芸文庫、講談社,2015（平成27）年4月15日第47刷,2016（平成28）年5月20日第48刷
6644,1095,坂口 安吾,45714,茶番に寄せて,新字新仮名,,高田農業高校生産技術科流通経済コース,小林繁雄,公開,2006-08-23,坂口安吾選集　第一巻小説1,講談社,1982（昭和57）年7月12日第1刷,1982（昭和57）年7月12日第1刷
6654,1095,坂口 安吾,45650,土の中からの話,新字新仮名,,田中敬三,noriko saito,公開,2006-08-19,桜の森の満開の下,講談社文芸文庫、講談社,2004（平成16）年12月3日第34刷,2005（平成17）年8月10日第36刷
6662,1095,坂口 安吾,56815,デカダン文学論,新字新仮名,,Nana ohbe,酒井裕二,公開,2016-02-12,堕落論・日本文化私観　他二十二篇,岩波文庫、岩波書店,2013（平成25）年4月5日第6刷,2014（平成26）年11月14日第7刷
6672,1095,坂口 安吾,57482,道鏡,新字新仮名,,日根敏晶,村並秀昭,公開,2020-10-20,桜の森の満開の下,講談社文芸文庫、講談社,2015（平成27）年4月15日第47刷,2019（平成31）年1月18日第50刷
6678,1095,坂口 安吾,45815,長島の死,新字旧仮名,,tatsuki,伊藤時也,公開,2010-06-15,坂口安吾全集　01,筑摩書房,1999（平成11）年5月20日初版第1刷,1999（平成11）年5月20日初版第1刷
6693,1095,坂口 安吾,45728,二十一,新字新仮名,,高田農業高校生産技術科流通経済コース,小林繁雄,公開,2006-10-24,坂口安吾選集　第六巻　小説６,講談社,1982（昭和57）年4月12日第1刷,1982（昭和57）年4月12日第1刷
6695,1095,坂口 安吾,56803,二十七歳,新字新仮名,,Nana ohbe,酒井裕二,公開,2015-10-20,風と光と二十の私と・いずこへ　他十六篇,岩波文庫、岩波書店,2013（平成25）年1月25日第3刷,2013（平成25）年1月25日第3刷
6718,1095,坂口 安吾,56804,母,新字新仮名,,Nana ohbe,酒井裕二,公開,2016-05-10,風と光と二十の私と・いずこへ　他十六篇,岩波文庫、岩波書店,2013（平成25）年1月25日第3刷,2013（平成25）年1月25日第3刷
6727,1095,坂口 安吾,45716,ピエロ伝道者,新字新仮名,,高田農業高校生産技術科流通経済コース,小林繁雄,公開,2006-08-27,坂口安吾選集　第一巻小説1,講談社,1982（昭和57）年7月12日第1刷,1982（昭和57）年7月12日第1刷
6729,1095,坂口 安吾,45744,悲願に就て ――「文芸」の作品批評に関聯して――,新字新仮名,,高田農業高校生産技術科流通経済コース,小林繁雄,公開,2006-10-17,坂口安吾選集　第十巻エッセイ1,講談社,1982（昭和57）年8月12日第1刷,1982（昭和57）年8月12日第1刷
6755,1095,坂口 安吾,44919,文学のふるさと,新字新仮名,,うてな,noriko saito,公開,2006-08-19,堕落論,新潮社,2004（平成16）年4月20日5刷,2005（平成17）年2月10日6刷
6759,1095,坂口 安吾,45819,文章その他,新字旧仮名,,tatsuki,noriko saito,公開,2009-06-11,坂口安吾全集　01,筑摩書房,1999（平成11）年5月20日初版第1刷,1999（平成11）年5月20日初版第1刷
6761,1095,坂口 安吾,56816,文章の一形式,新字新仮名,,Nana ohbe,酒井裕二,公開,2016-02-27,堕落論・日本文化私観　他二十二篇,岩波文庫、岩波書店,2013（平成25）年4月5日第6刷,2014（平成26）年11月14日第7刷
6779,1095,坂口 安吾,42899,魔の退屈,新字旧仮名,,tatsuki,深津辰男・美智子,公開,2009-07-11,坂口安吾全集　04,筑摩書房,1998（平成10）年5月22日初版第1刷,1998（平成10）年5月22日初版第1刷　
6811,1095,坂口 安吾,56818,文字と速力と文学,新字新仮名,,Nana ohbe,酒井裕二,公開,2016-02-12,堕落論・日本文化私観　他二十二篇,岩波文庫、岩波書店,2013（平成25）年4月5日第6刷,2014（平成26）年11月14日第7刷
6825,1095,坂口 安吾,45749,予告殺人事件,新字新仮名,,高田農業高校生産技術科流通経済コース,小林繁雄,公開,2006-10-19,坂口安吾選集　第十巻エッセイ1,講談社,1982（昭和57）年8月12日第1刷,1982（昭和57）年8月12日第1刷
6828,1095,坂口 安吾,56819,余はベンメイす,新字新仮名,,Nana ohbe,酒井裕二,公開,2016-02-17,堕落論・日本文化私観　他二十二篇,岩波文庫、岩波書店,2013（平成25）年4月5日第6刷,2014（平成26）年11月14日第7刷
6838,1095,坂口 安吾,56807,流浪の追憶,新字新仮名,,Nana ohbe,酒井裕二,公開,2015-07-20,風と光と二十の私と・いずこへ　他十六篇,岩波文庫、岩波書店,2013（平成25）年1月25日第3刷,2013（平成25）年1月25日第3刷
7334,1248,佐藤 垢石,46519,たぬき汁,新字旧仮名,,門田裕志,仙酔ゑびす,公開,2007-01-01,日本の名随筆59　菜,作品社,1997（平成9）年5月20日第8刷,
7366,1248,佐藤 垢石,46520,水垢を凝視す,新字新仮名,,門田裕志,Juki,公開,2007-01-04,日本の名随筆4　釣,作品社,1998（平成10）年1月30日第26刷,1989（平成元）年10月31日第15刷
7547,1189,ジェファーソン トマス,45257,アメリカ独立宣言,新字旧仮名,福沢 諭吉,京都大学電子テクスト研究会入力班,京都大学電子テクスト研究会校正班,公開,2005-07-04,翻訳の思想　日本近代思想大系15,岩波書店,1991（平成3）年9月30日第1刷,
7582,8,島木 健作,47383,癩,旧字旧仮名,,Nana ohbe,林幸雄,公開,2010-04-25,島木健作作品集　第四卷,創元社,1953（昭和28）年9月15日初版,1953（昭和28）年9月15日初版　
7792,1157,神西 清,47034,雪の宿り,新字旧仮名,,小林繁雄,小林繁雄、門田裕志,公開,2008-01-01,日本幻想文学集成19　神西清,国書刊行会,1993（平成5）年5月20日初版第1刷,1993（平成5）年5月20日初版第1刷
8024,1213,瀬沼 夏葉,50220,六号室,新字新仮名,瀬沼 夏葉,阿部哲也,米田,公開,2011-03-02,明治文學全集　82　明治女流文學集（二）,筑摩書房,1989（平成元）年2月20日初版第5刷,1984（昭和59）年2月20日初版第4刷
8254,1675,竹内 浩三,54820,雲,新字新仮名,,坂本真一,雪森,公開,2014-08-08,竹内浩三全作品集　日本が見えない　全1巻,藤原書店,2002（平成14）年8月30日初版第5刷,2001（平成13）年11月30日初版第1刷
8344,35,太宰 治,46597,青森,新字新仮名,,蒋龍,土屋隆,公開,2006-12-28,もの思う葦,新潮文庫、新潮社,1998（平成10）年10月15日39刷,2002（平成14）年5月30日42刷改版
8376,35,太宰 治,307,お伽草紙,新字旧仮名,,八巻美恵,高橋じゅんや,公開,2000-01-13,太宰治全集第七巻,筑摩書房,1990（平成2）年6月27日初版第1刷,
8402,35,太宰 治,259,逆行,旧字旧仮名,,赤木孝之,湯地光弘,公開,1999-06-29,太宰治全集2,筑摩書房,1998（平成10）年5月25日初版第1刷,
8424,35,太宰 治,45688,五所川原,新字新仮名,,増山一光,土屋隆,公開,2006-03-15,太宰治全集10,ちくま文庫、筑摩書房,1998（平成10）年6月15日第4刷,1989（平成元）年6月27日第1刷
8438,35,太宰 治,2263,猿面冠者,新字新仮名,,村田拓哉,青木直子,公開,1999-12-17,晩年,新潮文庫、新潮社,1999（平成11）年6月25日第105刷,
8445,35,太宰 治,52682,私信,旧字旧仮名,,小林繁雄,阿部哲也,公開,2011-12-29,太宰治全集11,筑摩書房,1999（平成11）年3月25日初版第1刷,2001（平成13）年11月10日初版第2刷
8447,35,太宰 治,52462,自信の無さ,旧字旧仮名,,小林繁雄,阿部哲也,公開,2011-12-29,太宰治全集11,筑摩書房,1999（平成11）年3月25日初版第1刷,2001（平成13）年11月10日初版第2刷
8456,35,太宰 治,46599,純真,新字新仮名,,蒋龍,土屋隆,公開,2006-12-28,もの思う葦,新潮文庫、新潮社,1998（平成10）年10月15日39刷,2002（平成14）年5月30日42刷改版
8458,35,太宰 治,52374,春昼,旧字旧仮名,,小林繁雄,阿部哲也,公開,2011-12-29,太宰治全集11,筑摩書房,1999（平成11）年3月25日初版第1刷,2001（平成13）年11月10日初版第2刷
8483,35,太宰 治,45676,世界的,新字新仮名,,増山一光,土屋隆,公開,2006-02-18,太宰治全集10,ちくま文庫、筑摩書房,1998（平成10）年6月15日第4刷,1989（平成元）年6月27日第1刷
8493,35,太宰 治,1575,ダス・ゲマイネ,旧字旧仮名,,土屋隆,増山一光,公開,2007-01-29,太宰治全集2,筑摩書房,1998（平成10）年5月25日初版第1刷,　
8559,35,太宰 治,268,火の鳥,新字新仮名,,柴田卓治,高橋美奈子,公開,2000-01-26,太宰治全集2,ちくま文庫、筑摩書房,1988（昭和63）年9月27日第1刷,1998（平成10）年4月1日第2刷
8573,35,太宰 治,52523,砂子屋,旧字旧仮名,,小林繁雄,阿部哲也,公開,2011-12-12,太宰治全集11,筑摩書房,1999（平成11）年3月25日初版第1刷,2001（平成13）年11月10日初版第2刷
8579,35,太宰 治,52464,無趣味,旧字旧仮名,,小林繁雄,阿部哲也,公開,2011-12-05,太宰治全集11,筑摩書房,1999（平成11）年3月25日初版第1刷,2001（平成13）年11月10日初版第2刷
8581,35,太宰 治,52686,無題,旧字旧仮名,,小林繁雄,阿部哲也,公開,2011-12-05,太宰治全集11,筑摩書房,1999（平成11）年3月25日初版第1刷,2001（平成13）年11月10日初版第2刷
8594,35,太宰 治,52526,容貌,旧字旧仮名,,小林繁雄,阿部哲也,公開,2011-12-05,太宰治全集11,筑摩書房,1999（平成11）年3月25日初版第1刷,2001（平成13）年11月10日初版第2刷
8596,35,太宰 治,52687,横綱,旧字旧仮名,,小林繁雄,阿部哲也,公開,2011-12-05,太宰治全集11,筑摩書房,1999（平成11）年3月25日初版第1刷,2001（平成13）年11月10日初版第2刷
8603,35,太宰 治,312,列車,新字新仮名,,村田拓哉,青木直子,公開,1999-12-17,晩年,新潮文庫、新潮社,1972（昭和47）年8月30日43刷,1999（平成11）年6月25日105刷
8605,35,太宰 治,45668,六月十九日,新字新仮名,,増山一光,土屋隆,公開,2005-12-15,太宰治全集10,ちくま文庫、筑摩書房,1998（平成10）年6月15日第4刷,1989（平成元）年6月27日第1刷
8612,35,太宰 治,52292,私の著作集,旧字旧仮名,,増山一光,阿部哲也,公開,2011-12-08,太宰治全集11,筑摩書房,1999（平成11）年3月25日初版第1刷,2001（平成13）年11月10日初版第2刷
8665,154,田中 貢太郎,47990,青い紐,新字旧仮名,,川山隆,門田裕志,公開,2009-09-10,伝奇ノ匣6　田中貢太郎日本怪談事典,学研Ｍ文庫、学習研究社,2003（平成15）年10月22日初版,2003（平成15）年10月22日初版
8717,154,田中 貢太郎,47994,牡蠣船,新字旧仮名,,川山隆,門田裕志,公開,2009-09-13,伝奇ノ匣6　田中貢太郎日本怪談事典,学研Ｍ文庫、学習研究社,2003（平成15）年10月22日初版,2003（平成15）年10月22日初版
8724,154,田中 貢太郎,47996,蟇の血,新字旧仮名,,川山隆,門田裕志,公開,2009-09-13,伝奇ノ匣6　田中貢太郎日本怪談事典,学研Ｍ文庫、学習研究社,2003（平成15）年10月22日初版,2003（平成15）年10月22日初版
8787,154,田中 貢太郎,53861,水郷異聞,新字新仮名,,川山隆,門田裕志,公開,2012-07-10,日本怪談大全　第二巻　幽霊の館,国書刊行会,1995（平成7）年8月2日初版第1刷,1995（平成7）年8月2日初版第1刷
8804,154,田中 貢太郎,48000,雑木林の中,新字旧仮名,,川山隆,門田裕志,公開,2009-09-16,伝奇ノ匣6　田中貢太郎日本怪談事典,学研Ｍ文庫、学習研究社,2003（平成15）年10月22日初版,2003（平成15）年10月22日初版
8819,154,田中 貢太郎,48002,提灯,新字旧仮名,,川山隆,門田裕志,公開,2009-09-16,伝奇ノ匣6　田中貢太郎日本怪談事典,学研Ｍ文庫、学習研究社,2003（平成15）年10月22日初版,2003（平成15）年10月22日初版
9004,1383,谷崎 潤一郎,59232,猫と庄造と二人のをんな,新字旧仮名,,砂場清隆,悠悠自炊,公開,2019-07-30,谷崎潤一郎全集　第十八巻,中央公論新社,2016（平成28）年5月10日初版,2016（平成28）年5月10日初版
9063,146,種田 山頭火,749,草木塔,新字旧仮名,,j.utiyama,浜野智,公開,1998-04-10,現代日本文學大系　95　現代句集,筑摩書房,1973（昭和48）年9月25日初版第1刷,
9135,214,田山 花袋,48857,黒猫,新字旧仮名,,特定非営利活動法人はるかぜ,hitsuji,公開,2021-06-29,定本　花袋全集　第二十四巻,臨川書店,1995（平成7）年4月10日,1995（平成7）年4月10日
9254,1416,田山 録弥,48858,黒猫,新字旧仮名,,tatsuki,hitsuji,公開,2021-04-15,定本　花袋全集　第二十四巻,臨川書店,1995（平成7）年4月10日,1995（平成7）年4月10日
9376,1155,チェーホフ アントン,50220,六号室,新字新仮名,瀬沼 夏葉,阿部哲也,米田,公開,2011-03-02,明治文學全集　82　明治女流文學集（二）,筑摩書房,1989（平成元）年2月20日初版第5刷,1984（昭和59）年2月20日初版第4刷
9410,1540,知里 真志保,52211,えぞおばけ列伝,新字新仮名,知里 真志保、知里 真志保,門田裕志,川山隆,公開,2012-01-01,アイヌ民譚集,岩波文庫、岩波書店,2009（平成21）年7月9日第10刷発行,1993（平成5）年6月16日第7刷
9422,276,知里 幸恵,44909,アイヌ神謡集,新字新仮名,知里 幸恵、知里 幸恵,土屋隆,鈴木厚司,公開,2008-02-22,アイヌ神謡集,岩波文庫、岩波書店,2004（平成16）年2月5日第35刷,2004（平成16）年2月5日第35刷
9491,1179,土田 耕平,45137,峠,新字旧仮名,,川山隆,noriko saito,公開,2013-12-11,日本児童文学大系　第九巻,ほるぷ出版,1977（昭和52）年11月20日初刷,1977（昭和52）年11月20日初刷
9546,1029,デカルト ルネ,4730,省察 神の存在、及び人間の霊魂と肉体との区別を論証する、第一哲学についての,旧字旧仮名,三木 清,山下裕嗣,Juki,公開,2016-03-31,省察,岩波文庫、岩波書店,1969（昭和44）年第24刷発行,1977（昭和52）年8月20日第33刷発行
9559,42,寺田 寅彦,49596,雨の上高地,新字新仮名,,川山隆,門田裕志,公開,2009-07-18,山の旅　大正・昭和篇,岩波文庫、岩波書店,2007（平成19）年8月6日第5刷,2007（平成19）年8月6日第5刷
9679,42,寺田 寅彦,2442,写生紀行,新字新仮名,,（株）モモ,かとうかおり,公開,2003-07-14,寺田寅彦随筆集　第一巻,岩波文庫、岩波書店,1997（平成9）年5月15日第80刷,1997（平成9）年12月15日第81刷
10098,678,富永 太郎,55493,無題,新字旧仮名,,村松洋一,川山隆,公開,2014-04-28,富永太郎詩集,現代詩文庫、思潮社,1984（昭和59）年10月1日第6刷,1984（昭和59）年10月1日第6刷
10106,678,富永 太郎,55497,四行詩,新字旧仮名,,村松洋一,川山隆,公開,2014-04-28,富永太郎詩集,現代詩文庫、思潮社,1984（昭和59）年10月1日第6刷,1984（昭和59）年10月1日第6刷
10112,1161,鳥谷部 春汀,48122,明治人物月旦（抄）,新字旧仮名,,Nana ohbe,川山隆,公開,2008-02-21,明治文学全集　92　明治人物論集,筑摩書房,1984（昭和59）年2月20日初版第4刷,1983（昭和58）年10月1日初版第3刷
10206,906,豊島 与志雄,42539,故郷,新字新仮名,,tatsuki,門田裕志,公開,2006-06-09,豊島与志雄著作集　第六巻（随筆・評論・他）,未来社,1967（昭和42）年11月10日第1刷,1967（昭和42）年11月10日第1刷
10222,906,豊島 与志雄,42458,椎の木,新字新仮名,,tatsuki,門田裕志,公開,2009-02-01,豊島与志雄著作集　第三巻（小説Ⅲ,未来社,1966（昭和41）年8月10日第1刷,1966（昭和41）年8月10日第1刷
10236,906,豊島 与志雄,42609,ジャン・クリストフ 02 改訳について,新字新仮名,豊島 与志雄,tatsuki,伊藤時也,公開,2008-03-01,ジャン・クリストフ（一）,岩波文庫、岩波書店,1986（昭和61）年6月16日改版第1刷,2004（平成16）年4月5日第25刷
10248,906,豊島 与志雄,42608,ジャン・クリストフ 13 後記,新字新仮名,豊島 与志雄,tatsuki,伊藤時也,公開,2008-03-23,ジャン・クリストフ（四）,岩波文庫、岩波書店,1986（昭和61）年9月16日改版第1刷,1986（昭和61）年9月16日改版第1刷
10404,906,豊島 与志雄,42536,文学以前,新字新仮名,,tatsuki,門田裕志,公開,2006-06-09,豊島与志雄著作集　第六巻（随筆・評論・他）,未来社,1967（昭和42）年11月10日第1刷,1967（昭和42）年11月10日第1刷
10478,1044,ド・ラ・ラメー マリー・ルイーズ,4880,フランダースの犬,新字新仮名,菊池 寛,大久保ゆう,門田裕志,公開,2003-12-24,小学生全集26,興文社、文芸春秋社,1929（昭和4）年5月23日,1929（昭和4）年5月23日
10621,1341,永井 荷風,50437,畦道,旧字旧仮名,,Ｈ．ＹＡＭ,米田,公開,2010-10-18,葛飾こよみ,毎日新聞社,1956（昭和31）年8月25日初版,1956（昭和31）年8月25日初版
10650,1341,永井 荷風,49642,里の今昔,新字新仮名,,門田裕志,阿部哲也,公開,2010-07-02,荷風随筆集（上）,岩波文庫、岩波書店,2006（平成18）年11月6日第27刷,1993（平成5）年7月5日第13刷
10663,1341,永井 荷風,50448,すみだ川,新字旧仮名,,阿部哲也,米田,公開,2014-09-03,明治の文学　第25巻　永井荷風・谷崎潤一郎,筑摩書房,2001（平成13）年11月20日初版第1刷,2001（平成13）年11月20日初版第1刷
10721,1341,永井 荷風,49670,雪の日,新字新仮名,,門田裕志,阿部哲也,公開,2010-05-09,荷風随筆集（下）〔全2冊〕,岩波文庫、岩波書店,2007（平成19）年7月13日第23刷,1993（平成5）年5月6日第10刷
10813,119,中島 敦,24438,盈虚,新字新仮名,,小林繁雄,多羅尾伴内,公開,2003-07-20,中島敦全集　2,ちくま文庫、筑摩書房,1999（平成11）年10月15日第5刷,2003（平成15）年3月20日第6刷
10817,119,中島 敦,46429,環礁 ――ミクロネシヤ巡島記抄――,新字新仮名,,土屋隆,松永正敏,公開,2007-06-01,山月記・李陵　他九篇,岩波文庫、岩波書店,2003（平成15）年4月15日第15刷,
10819,119,中島 敦,618,狐憑,旧字旧仮名,,圭,木本敦子,公開,1999-09-03,中島敦全集　第一巻,筑摩書房,,
10826,119,中島 敦,623,山月記,旧字旧仮名,,岡島昭浩,小林繁雄,公開,1997-07-07,文學界,,,
10841,119,中島 敦,620,名人伝,旧字旧仮名,,Hitoshi Nagano,j.utiyama,公開,1998-10-26,中島敦全集　第4巻,文治堂書店,,
11061,26,中原 中也,46579,我が生活,新字旧仮名,,土屋隆,noriko saito,公開,2007-01-21,日本の名随筆　別巻65　家出,作品社,1996（平成8）年7月25日第1刷,1996（平成8）年7月25日第1刷
11124,1569,中谷 宇吉郎,53491,アラスカの氷河,新字新仮名,,門田裕志,川山隆,公開,2013-01-09,日本の名随筆33　水,作品社,1996（平成8）年2月29日第15刷,1985（昭和60）年7月25日第1刷
11279,1569,中谷 宇吉郎,53212,真夏の日本海,新字旧仮名,,門田裕志,川山隆,公開,2013-01-30,日本の名随筆56　海,作品社,1999（平成11）年8月25日第10刷,1987（昭和62）年6月25日第1刷
11338,148,夏目 漱石,777,京に着ける夕,新字新仮名,,柴田卓治,大野晋,公開,1999-05-12,夏目漱石全集10,ちくま文庫、筑摩書房,,1996（平成8）年7月15日第5刷
11358,148,夏目 漱石,1749,子規の画,旧字旧仮名,,山田豊,土屋隆,公開,2005-10-11,漱石全集　第十七巻,岩波書店,1979（昭和54）年8月8日第4刷,1957（昭和32）年1月12日第1刷
11372,148,夏目 漱石,1746,それから,新字旧仮名,,野口英司、Godot、oto,小林繁雄、門田裕志,公開,2005-04-30,漱石全集　第六巻,岩波書店,1994（平成6）年5月9日,1994（平成6）年5月9日
11405,148,夏目 漱石,763,変な音,新字新仮名,,柴田卓治,大野晋,公開,1999-05-12,夏目漱石全集10,ちくま文庫、筑摩書房,1988（昭和63）年7月26日第1刷,
11419,148,夏目 漱石,56923,門,旧字旧仮名,,阿部哲也,染川隆俊,公開,2019-01-05,漱石全集　第四卷　三四郎　それから　門,岩波書店,1975（昭和50）年3月10日第2刷,1975（昭和50）年3月10日第2刷
11509,121,新美 南吉,45213,かぶと虫,新字新仮名,,土屋隆,noriko saito,公開,2005-07-31,童話集　ごんぎつね｜最後の胡弓ひき　ほか十四編,講談社文庫、講談社,1988（昭和63）年1月30日第30刷,1990（平成2）年5月15日第33刷
11521,121,新美 南吉,43397,仔牛,旧字旧仮名,,高松理恵美,川向直樹,公開,2005-04-20,校定　新美南吉全集第四巻,大日本図書,1987（昭和62）年2月15日第3刷,1995（平成7）年7月20日第4刷
11533,121,新美 南吉,52231,島,新字旧仮名,,菅野朋子,noriko saito,公開,2011-01-24,日本児童文学大系　第二八巻,ほるぷ出版,1978（昭和53）年11月30日初刷,1978（昭和53）年11月30日初刷
11606,182,西田 幾多郎,3217,世界新秩序の原理,旧字旧仮名,,nns,土屋隆,公開,2004-09-22,西田幾多郎全集　第十二巻,岩波書店,1986（昭和61）年11月25日第4刷, 
11628,718,新渡戸 稲造,46288,教育の目的,旧字旧仮名,,kamille,染川隆俊,公開,2007-02-19,明治文學全集　88　明治宗教文學集（二）,筑摩書房,1983（昭和58）年10月1日初版第2刷,1975（昭和50）年7月30日初版第1刷
11654,1528,日本国 ,474,日本国憲法,新字旧仮名,,j.utiyama,野口英司,公開,1998-09-17,解説世界憲法集第三版　樋口陽一・吉田善明編,三省堂,,
11797,1670,野村 胡堂,54695,銭形平次捕物控 001 金色の処女,旧字旧仮名,,特定非営利活動法人はるかぜ,門田裕志,公開,2014-01-02,錢形平次捕物全集第二十二卷　美少年國,同光社,1954（昭和29）年3月25日,1954（昭和29）年11月20日再版
11799,1670,野村 胡堂,56278,銭形平次捕物控 002 振袖源太,新字新仮名,,特定非営利活動法人はるかぜ,結城宏,公開,2018-01-12,銭形平次捕物控（七）平次女難,嶋中文庫、嶋中書店,2004（平成16）年11月20日第1刷,2004（平成16）年11月20日第1刷 
11801,1670,野村 胡堂,54622,銭形平次捕物控 003 大盗懺悔,旧字旧仮名,,特定非営利活動法人はるかぜ,門田裕志,公開,2014-04-23,錢形平次捕物全集第九卷　幻の民五郎,同光社磯部書房,1953（昭和28）年7月20日,1953（昭和28）年7月20日
11806,1670,野村 胡堂,57233,銭形平次捕物控 006 復讐鬼の姿,新字新仮名,,特定非営利活動法人はるかぜ,結城宏,公開,2018-02-01,銭形平次捕物控（九）不死の霊薬,嶋中文庫、嶋中書店,2005（平成17）年1月20日第1刷,2005（平成17）年1月20日第1刷
11808,1670,野村 胡堂,56383,銭形平次捕物控 007 お珊文身調べ,新字新仮名,,特定非営利活動法人はるかぜ,北川松生,公開,2018-02-05,銭形平次捕物控（八）お珊文身調べ,嶋中文庫、嶋中書店,2004（平成16）年12月20日第1刷,2004（平成16）年12月20日第1刷
11810,1670,野村 胡堂,57094,銭形平次捕物控 008 鈴を慕う女,旧字旧仮名,,門田裕志,湖山ルル,公開,2016-11-05,錢形平次捕物全集第十四卷　金の茶釜,同光社磯部書房,1953（昭和28）年9月10日,1953（昭和28）年9月10日
11814,1670,野村 胡堂,57216,銭形平次捕物控 010 七人の花嫁,新字新仮名,,特定非営利活動法人はるかぜ,結城宏,公開,2018-02-27,銭形平次捕物控（九）不死の霊薬,嶋中文庫、嶋中書店,2005（平成17）年1月20日第1刷,2005（平成17）年1月20日第1刷
11816,1670,野村 胡堂,56301,銭形平次捕物控 011 南蛮秘法箋,新字新仮名,,特定非営利活動法人はるかぜ,noriko saito,公開,2018-03-04,銭形平次捕物控（三）酒屋火事,嶋中文庫、嶋中書店,2004（平成16）年7月20日第1刷,2004（平成16）年7月20日第1刷
11821,1670,野村 胡堂,54632,銭形平次捕物控 014 たぬき囃子,旧字旧仮名,,特定非営利活動法人はるかぜ,門田裕志,公開,2014-05-08,錢形平次捕物全集第十卷　八五郎の恋,同光社磯部書房,1953（昭和28）年8月10日,1953（昭和28）年8月10日
11823,1670,野村 胡堂,55653,銭形平次捕物控 015 怪伝白い鼠,旧字旧仮名,,特定非営利活動法人はるかぜ,門田裕志,公開,2014-06-19,錢形平次捕物全集第十三卷　焔の舞,同光社磯部書房,1953（昭和28）年9月5日,1953（昭和28）年9月5日
11825,1670,野村 胡堂,54627,銭形平次捕物控 016 人魚の死,旧字旧仮名,,特定非営利活動法人はるかぜ,門田裕志,公開,2014-04-05,錢形平次捕物全集第九卷　幻の民五郎,同光社磯部書房,1953（昭和28）年7月20日,1953（昭和28）年7月20日
11833,1670,野村 胡堂,55506,銭形平次捕物控 022 名馬罪あり,旧字旧仮名,,特定非営利活動法人はるかぜ,門田裕志,公開,2014-06-07,錢形平次捕物全集第十二卷　鬼女,同光社磯部書房,1953（昭和28）年8月25日,1953（昭和28）年8月25日
11835,1670,野村 胡堂,55505,銭形平次捕物控 023 血潮と糠,旧字旧仮名,,特定非営利活動法人はるかぜ,門田裕志,公開,2014-06-04,錢形平次捕物全集第十二卷　鬼女,同光社磯部書房,1953（昭和28）年8月25日,1953（昭和28）年8月25日
11837,1670,野村 胡堂,54639,銭形平次捕物控 024 平次女難,旧字旧仮名,,特定非営利活動法人はるかぜ,門田裕志,公開,2014-05-29,錢形平次捕物全集第十二卷　鬼女,同光社磯部書房,1953（昭和28）年8月25日,1953（昭和28）年8月25日
11842,1670,野村 胡堂,57232,銭形平次捕物控 027 幻の民五郎,新字新仮名,,特定非営利活動法人はるかぜ,noriko saito,公開,2018-05-23,銭形平次捕物控（五）金の鯉,嶋中文庫、嶋中書店,2004（平成16）年9月20日第1刷,2004（平成16）年9月20日第1刷
11844,1670,野村 胡堂,54633,銭形平次捕物控 028 歎きの菩薩,旧字旧仮名,,特定非営利活動法人はるかぜ,門田裕志,公開,2014-05-14,錢形平次捕物全集第十卷　八五郎の恋,同光社磯部書房,1953（昭和28）年8月10日,1953（昭和28）年8月10日
11849,1670,野村 胡堂,55649,銭形平次捕物控 031 濡れた千両箱,旧字旧仮名,,特定非営利活動法人はるかぜ,門田裕志,公開,2014-06-16,錢形平次捕物全集第十三卷　焔の舞,同光社磯部書房,1953（昭和28）年9月5日,1953（昭和28）年9月5日
11851,1670,野村 胡堂,55647,銭形平次捕物控 032 路地の足跡,旧字旧仮名,,特定非営利活動法人はるかぜ,門田裕志,公開,2014-06-13,錢形平次捕物全集第十三卷　焔の舞,同光社磯部書房,1953（昭和28）年9月5日,1953（昭和28）年9月5日
11854,1670,野村 胡堂,54615,銭形平次捕物控 034 謎の鍵穴,旧字旧仮名,,特定非営利活動法人はるかぜ,門田裕志,公開,2014-03-24,錢形平次捕物全集第八卷　地獄から來た男,同光社磯部書房,1953（昭和28）年7月10日,1953（昭和28）年7月10日
11856,1670,野村 胡堂,54611,銭形平次捕物控 035 傀儡名臣,旧字旧仮名,,特定非営利活動法人はるかぜ,門田裕志,公開,2014-03-06,錢形平次捕物全集第八卷　地獄から來た男,同光社磯部書房,1953（昭和28）年7月10日,1953（昭和28）年7月10日
11859,1670,野村 胡堂,54594,銭形平次捕物控 037 人形の誘惑,旧字旧仮名,,特定非営利活動法人はるかぜ,門田裕志,公開,2015-06-10,錢形平次捕物全集第五卷　蝉丸の香爐,同光社磯部書房,1953（昭和28）年6月20日再版,1953（昭和28）年6月20日再版
11861,1670,野村 胡堂,54603,銭形平次捕物控 038 一枚の文銭,旧字旧仮名,,特定非営利活動法人はるかぜ,門田裕志,公開,2016-03-21,錢形平次捕物全集第六卷　兵庫の眼玉,同光社磯部書房,1953（昭和28）年6月10日,1953（昭和28）年6月10日
11867,1670,野村 胡堂,54605,銭形平次捕物控 042 庚申横町,旧字旧仮名,,特定非営利活動法人はるかぜ,門田裕志,公開,2015-06-28,錢形平次捕物全集第六卷　兵庫の眼玉,同光社磯部書房,1953（昭和28）年6月10日,1953（昭和28）年6月10日
11869,1670,野村 胡堂,54635,銭形平次捕物控 043 和蘭カルタ,旧字旧仮名,,特定非営利活動法人はるかぜ,門田裕志,公開,2014-05-05,錢形平次捕物全集第十卷　八五郎の恋,同光社磯部書房,1953（昭和28）年8月10日,1953（昭和28）年8月10日
11872,1670,野村 胡堂,54606,銭形平次捕物控 045 御落胤殺し,旧字旧仮名,,特定非営利活動法人はるかぜ,門田裕志,公開,2015-07-05,錢形平次捕物全集第六卷　兵庫の眼玉,同光社磯部書房,1953（昭和28）年6月10日,1953（昭和28）年6月10日
11874,1670,野村 胡堂,54604,銭形平次捕物控 046 双生児の呪,旧字旧仮名,,特定非営利活動法人はるかぜ,門田裕志,公開,2015-07-11,錢形平次捕物全集第六卷　兵庫の眼玉,同光社磯部書房,1953（昭和28）年6月10日,1953（昭和28）年6月10日
11878,1670,野村 胡堂,54609,銭形平次捕物控 048 お藤は解く,旧字旧仮名,,特定非営利活動法人はるかぜ,門田裕志,公開,2015-06-19,錢形平次捕物全集第六卷　兵庫の眼玉,同光社磯部書房,1953（昭和28）年6月10日,1953（昭和28）年6月10日
11881,1670,野村 胡堂,54608,銭形平次捕物控 050 碁敵,旧字旧仮名,,特定非営利活動法人はるかぜ,門田裕志,公開,2015-06-22,錢形平次捕物全集第六卷　兵庫の眼玉,同光社磯部書房,1953（昭和28）年6月10日,1953（昭和28）年6月10日
11883,1670,野村 胡堂,54629,銭形平次捕物控 051 迷子札,旧字旧仮名,,特定非営利活動法人はるかぜ,門田裕志,公開,2014-05-17,錢形平次捕物全集第十卷　八五郎の恋,同光社磯部書房,1953（昭和28）年8月10日,1953（昭和28）年8月10日
11890,1670,野村 胡堂,54617,銭形平次捕物控 056 地獄から来た男,旧字旧仮名,,特定非営利活動法人はるかぜ,門田裕志,公開,2014-03-09,錢形平次捕物全集第八卷　地獄から來た男,同光社磯部書房,1953（昭和28）年7月10日,1953（昭和28）年7月10日
11892,1670,野村 胡堂,56271,銭形平次捕物控 057 死の矢文,新字新仮名,,特定非営利活動法人はるかぜ,結城宏,公開,2018-10-23,銭形平次捕物控（三）酒屋火事,嶋中文庫、嶋中書店,2004（平成16）年7月20日第1刷,2004（平成16）年7月20日第1刷
11895,1670,野村 胡堂,54618,銭形平次捕物控 059 酒屋火事,旧字旧仮名,,特定非営利活動法人はるかぜ,門田裕志,公開,2014-03-12,錢形平次捕物全集第八卷　地獄から來た男,同光社磯部書房,1953（昭和28）年7月10日,1953（昭和28）年7月10日
11900,1670,野村 胡堂,54625,銭形平次捕物控 062 城の絵図面,旧字旧仮名,,特定非営利活動法人はるかぜ,門田裕志,公開,2014-04-26,錢形平次捕物全集第九卷　幻の民五郎,同光社磯部書房,1953（昭和28）年7月20日,1953（昭和28）年7月20日
11902,1670,野村 胡堂,54610,銭形平次捕物控 063 花見の仇討,旧字旧仮名,,特定非営利活動法人はるかぜ,門田裕志,公開,2015-06-25,錢形平次捕物全集第六卷　兵庫の眼玉,同光社磯部書房,1953（昭和28）年6月10日,1953（昭和28）年6月10日
11904,1670,野村 胡堂,55656,銭形平次捕物控 064 九百九十両,旧字旧仮名,,特定非営利活動法人はるかぜ,門田裕志,公開,2014-07-01,錢形平次捕物全集第十三卷　焔の舞,同光社磯部書房,1953（昭和28）年9月5日,1953（昭和28）年9月5日
11906,1670,野村 胡堂,54631,銭形平次捕物控 065 結納の行方,旧字旧仮名,,特定非営利活動法人はるかぜ,門田裕志,公開,2014-05-20,錢形平次捕物全集第十卷　八五郎の恋,同光社磯部書房,1953（昭和28）年8月10日,1953（昭和28）年8月10日
11911,1670,野村 胡堂,54602,銭形平次捕物控 068 辻斬綺談,旧字旧仮名,,特定非営利活動法人はるかぜ,門田裕志,公開,2015-06-16,錢形平次捕物全集第五卷　蝉丸の香爐,同光社磯部書房,1953（昭和28）年6月20日再版,1953（昭和28）年6月20日再版
11915,1670,野村 胡堂,54598,銭形平次捕物控 071 平次屠蘇機嫌,旧字旧仮名,,特定非営利活動法人はるかぜ,門田裕志,公開,2015-06-01,錢形平次捕物全集第五卷　蝉丸の香爐,同光社磯部書房,1953（昭和28）年6月20日再版,1953（昭和28）年6月20日再版
11919,1670,野村 胡堂,54624,銭形平次捕物控 073 黒い巾着,旧字旧仮名,,特定非営利活動法人はるかぜ,門田裕志,公開,2014-04-17,錢形平次捕物全集第九卷　幻の民五郎,同光社磯部書房,1953（昭和28）年7月20日,1953（昭和28）年7月20日
11924,1670,野村 胡堂,54612,銭形平次捕物控 076 竹光の殺人,旧字旧仮名,,特定非営利活動法人はるかぜ,門田裕志,公開,2014-03-30,錢形平次捕物全集第八卷　地獄から來た男,同光社磯部書房,1953（昭和28）年7月10日,1953（昭和28）年7月10日
11926,1670,野村 胡堂,54630,銭形平次捕物控 077 八五郎の恋,旧字旧仮名,,特定非営利活動法人はるかぜ,門田裕志,公開,2014-05-23,錢形平次捕物全集第十卷　八五郎の恋,同光社磯部書房,1953（昭和28）年8月10日,1953（昭和28）年8月10日
11928,1670,野村 胡堂,54620,銭形平次捕物控 078 十手の道,旧字旧仮名,,特定非営利活動法人はるかぜ,門田裕志,公開,2014-04-20,錢形平次捕物全集第九卷　幻の民五郎,同光社磯部書房,1953（昭和28）年7月20日,1953（昭和28）年7月20日
11930,1670,野村 胡堂,54636,銭形平次捕物控 079 十七の娘,旧字旧仮名,,特定非営利活動法人はるかぜ,門田裕志,公開,2014-05-02,錢形平次捕物全集第十卷　八五郎の恋,同光社磯部書房,1953（昭和28）年8月10日,1953（昭和28）年8月10日
11932,1670,野村 胡堂,54634,銭形平次捕物控 080 捕物仁義,旧字旧仮名,,特定非営利活動法人はるかぜ,門田裕志,公開,2014-05-11,錢形平次捕物全集第十卷　八五郎の恋,同光社磯部書房,1953（昭和28）年8月10日,1953（昭和28）年8月10日
11934,1670,野村 胡堂,55511,銭形平次捕物控 081 受難の通人,旧字旧仮名,,特定非営利活動法人はるかぜ,門田裕志,公開,2014-06-10,錢形平次捕物全集第十二卷　鬼女,同光社磯部書房,1953（昭和28）年8月25日,1953（昭和28）年8月25日
11936,1670,野村 胡堂,55684,銭形平次捕物控 082 お局お六,旧字旧仮名,,特定非営利活動法人はるかぜ,門田裕志,公開,2014-02-28,錢形平次捕物全集第十六卷　笑ひ茸,同光社磯部書房,1953（昭和28）年9月28日,1953（昭和28）年9月28日
11938,1670,野村 胡堂,56351,銭形平次捕物控 083 鉄砲汁,新字新仮名,,特定非営利活動法人はるかぜ,北川松生,公開,2019-03-28,銭形平次捕物控（八）お珊文身調べ,嶋中文庫、嶋中書店,2004（平成16）年12月20日第1刷,2004（平成16）年12月20日第1刷
11946,1670,野村 胡堂,55681,銭形平次捕物控 090 禁制の賦,旧字旧仮名,,特定非営利活動法人はるかぜ,門田裕志,公開,2014-02-19,錢形平次捕物全集第十六卷　笑ひ茸,同光社磯部書房,1953（昭和28）年9月28日,1953（昭和28）年9月28日
11948,1670,野村 胡堂,56381,銭形平次捕物控 091 笑い茸,新字新仮名,,特定非営利活動法人はるかぜ,結城宏,公開,2019-04-14,銭形平次捕物控（十）金色の処女,嶋中文庫、嶋中書店,2005（平成17）年2月20日第1刷,2005（平成17）年2月20日第1刷
11957,1670,野村 胡堂,55679,銭形平次捕物控 098 紅筆願文,旧字旧仮名,,特定非営利活動法人はるかぜ,門田裕志,公開,2014-02-04,錢形平次捕物全集第十六卷　笑ひ茸,同光社磯部書房,1953（昭和28）年9月28日,1953（昭和28）年9月28日
11959,1670,野村 胡堂,55678,銭形平次捕物控 099 お篠姉妹,旧字旧仮名,,特定非営利活動法人はるかぜ,門田裕志,公開,2014-02-16,錢形平次捕物全集第十六卷　笑ひ茸,同光社磯部書房,1953（昭和28）年9月28日,1953（昭和28）年9月28日
11963,1670,野村 胡堂,56368,銭形平次捕物控 101 お秀の父,新字新仮名,,特定非営利活動法人はるかぜ,noriko saito,公開,2019-06-04,銭形平次捕物控（十一）懐ろ鏡,嶋中文庫、嶋中書店,2005（平成17）年5月20日第1刷,2005（平成17）年5月20日第1刷
11965,1670,野村 胡堂,54698,銭形平次捕物控 102 金蔵の行方,旧字旧仮名,,特定非営利活動法人はるかぜ,門田裕志,公開,2016-07-17,錢形平次捕物全集第二十三卷　刑場の花嫁,同光社,1954（昭和29）年4月5日,1954（昭和29）年4月5日
11967,1670,野村 胡堂,54705,銭形平次捕物控 103 巨盗還る,旧字旧仮名,,特定非営利活動法人はるかぜ,門田裕志,公開,2016-07-20,錢形平次捕物全集第二十三卷　刑場の花嫁,同光社,1954（昭和29）年4月5日,1954（昭和29）年4月5日
11969,1670,野村 胡堂,54703,銭形平次捕物控 104 活き仏,旧字旧仮名,,特定非営利活動法人はるかぜ,門田裕志,公開,2016-07-23,錢形平次捕物全集第二十三卷　刑場の花嫁,同光社,1954（昭和29）年4月5日,1954（昭和29）年4月5日
11971,1670,野村 胡堂,54701,銭形平次捕物控 105 刑場の花嫁,旧字旧仮名,,特定非営利活動法人はるかぜ,門田裕志,公開,2016-07-26,錢形平次捕物全集第二十三卷　刑場の花嫁,同光社,1954（昭和29）年4月5日,1954（昭和29）年4月5日
11973,1670,野村 胡堂,54706,銭形平次捕物控 106 懐ろ鏡,旧字旧仮名,,特定非営利活動法人はるかぜ,門田裕志,公開,2016-07-29,錢形平次捕物全集第二十三卷　刑場の花嫁,同光社,1954（昭和29）年4月5日,1954（昭和29）年4月5日
11975,1670,野村 胡堂,54702,銭形平次捕物控 107 梅吉殺し,旧字旧仮名,,特定非営利活動法人はるかぜ,門田裕志,公開,2016-08-02,錢形平次捕物全集第二十三卷　刑場の花嫁,同光社,1954（昭和29）年4月5日,1954（昭和29）年4月5日
11979,1670,野村 胡堂,54677,銭形平次捕物控 109 二人浜路,旧字旧仮名,,特定非営利活動法人はるかぜ,門田裕志,公開,2016-08-08,錢形平次捕物全集第二十卷　狐の嫁入,同光社磯部書房,1953（昭和28）年11月15日,1953（昭和28）年11月15日
11981,1670,野村 胡堂,54676,銭形平次捕物控 110 十万両の行方,旧字旧仮名,,特定非営利活動法人はるかぜ,門田裕志,公開,2016-08-10,錢形平次捕物全集第二十卷　狐の嫁入,同光社磯部書房,1953（昭和28）年11月15日,1953（昭和28）年11月15日
11983,1670,野村 胡堂,54674,銭形平次捕物控 111 火遁の術,旧字旧仮名,,特定非営利活動法人はるかぜ,門田裕志,公開,2016-08-12,錢形平次捕物全集第二十卷　狐の嫁入,同光社磯部書房,1953（昭和28）年11月15日,1953（昭和28）年11月15日
11985,1670,野村 胡堂,56353,銭形平次捕物控 112 狐の嫁入,新字新仮名,,特定非営利活動法人はるかぜ,noriko saito,公開,2020-08-27,銭形平次捕物控（十二）狐の嫁入,嶋中文庫、嶋中書店,2005（平成17）年6月20日第1刷,2005（平成17）年6月20日第1刷
11987,1670,野村 胡堂,56385,銭形平次捕物控 113 北冥の魚,新字新仮名,,特定非営利活動法人はるかぜ,noriko saito,公開,2020-09-06,銭形平次捕物控（十二）狐の嫁入,嶋中文庫、嶋中書店,2005（平成17）年6月20日第1刷,2005（平成17）年6月20日第1刷
11989,1670,野村 胡堂,56354,銭形平次捕物控 114 遺書の罪,新字新仮名,,特定非営利活動法人はるかぜ,noriko saito,公開,2020-09-17,銭形平次捕物控（十二）狐の嫁入,嶋中文庫、嶋中書店,2005（平成17）年6月20日第1刷,2005（平成17）年6月20日第1刷
11991,1670,野村 胡堂,54715,銭形平次捕物控 115 二階の娘,旧字旧仮名,,特定非営利活動法人はるかぜ,門田裕志,公開,2016-08-22,錢形平次捕物全集第二十四卷　吹矢の紅,同光社,1954（昭和29）年4月25日,1954（昭和29）年4月25日
11993,1670,野村 胡堂,54714,銭形平次捕物控 116 女の足跡,旧字旧仮名,,特定非営利活動法人はるかぜ,門田裕志,公開,2016-08-24,錢形平次捕物全集第二十四卷　吹矢の紅,同光社,1954（昭和29）年4月25日,1954（昭和29）年4月25日
11995,1670,野村 胡堂,54712,銭形平次捕物控 117 雪の夜,旧字旧仮名,,特定非営利活動法人はるかぜ,門田裕志,公開,2016-08-27,錢形平次捕物全集第二十四卷　吹矢の紅,同光社,1954（昭和29）年4月25日,1954（昭和29）年4月25日
11997,1670,野村 胡堂,54713,銭形平次捕物控 118 吹矢の紅,旧字旧仮名,,特定非営利活動法人はるかぜ,門田裕志,公開,2016-08-30,錢形平次捕物全集第二十四卷　吹矢の紅,同光社,1954（昭和29）年4月25日,1954（昭和29）年4月25日
11999,1670,野村 胡堂,54711,銭形平次捕物控 119 白紙の恐怖,旧字旧仮名,,特定非営利活動法人はるかぜ,門田裕志,公開,2016-09-02,錢形平次捕物全集第二十四卷　吹矢の紅,同光社,1954（昭和29）年4月25日,1954（昭和29）年4月25日
12001,1670,野村 胡堂,54704,銭形平次捕物控 120 六軒長屋,旧字旧仮名,,特定非営利活動法人はるかぜ,門田裕志,公開,2016-09-05,錢形平次捕物全集第二十三卷　刑場の花嫁,同光社,1954（昭和29）年4月5日,1954（昭和29）年4月5日
12005,1670,野村 胡堂,54708,銭形平次捕物控 122 お由良の罪,旧字旧仮名,,特定非営利活動法人はるかぜ,門田裕志,公開,2016-09-09,錢形平次捕物全集第二十四卷　吹矢の紅,同光社,1954（昭和29）年4月25日,1954（昭和29）年4月25日
12007,1670,野村 胡堂,54710,銭形平次捕物控 123 矢取娘,旧字旧仮名,,特定非営利活動法人はるかぜ,門田裕志,公開,2016-09-12,錢形平次捕物全集第二十四卷　吹矢の紅,同光社,1954（昭和29）年4月25日,1954（昭和29）年4月25日
12009,1670,野村 胡堂,56350,銭形平次捕物控 124 唖娘,新字新仮名,,特定非営利活動法人はるかぜ,noriko saito,公開,2019-09-15,銭形平次捕物控（十三）青い帯,嶋中文庫、嶋中書店,2005（平成17）年7月20日第1刷,2005（平成17）年7月20日第1刷
12011,1670,野村 胡堂,54707,銭形平次捕物控 125 青い帯,旧字旧仮名,,特定非営利活動法人はるかぜ,門田裕志,公開,2016-09-20,錢形平次捕物全集第二十四卷　吹矢の紅,同光社,1954（昭和29）年4月25日,1954（昭和29）年4月25日
12013,1670,野村 胡堂,54709,銭形平次捕物控 126 辻斬,旧字旧仮名,,特定非営利活動法人はるかぜ,門田裕志,公開,2016-09-23,錢形平次捕物全集第二十四卷　吹矢の紅,同光社,1954（昭和29）年4月25日,1954（昭和29）年4月25日
12017,1670,野村 胡堂,56377,銭形平次捕物控 128 月の隈,新字新仮名,,特定非営利活動法人はるかぜ,noriko saito,公開,2016-09-29,銭形平次捕物控（十三）青い帯,嶋中文庫、嶋中書店,2005（平成17）年7月20日第1刷,2005（平成17）年7月20日第1刷
12019,1670,野村 胡堂,54726,銭形平次捕物控 129 お吉お雪,旧字旧仮名,,特定非営利活動法人はるかぜ,門田裕志,公開,2016-10-02,錢形平次捕物全集第二十五卷　火の呪ひ,同光社,1954（昭和29）年5月10日,1954（昭和29）年5月10日
12021,1670,野村 胡堂,54717,銭形平次捕物控 130 仏敵,旧字旧仮名,,特定非営利活動法人はるかぜ,門田裕志,公開,2016-10-05,錢形平次捕物全集第二十五卷　火の呪ひ,同光社,1954（昭和29）年5月10日,1954（昭和29）年5月10日
12024,1670,野村 胡堂,54725,銭形平次捕物控 132 雛の別れ,旧字旧仮名,,特定非営利活動法人はるかぜ,門田裕志,公開,2016-10-08,錢形平次捕物全集第二十五卷　火の呪ひ,同光社,1954（昭和29）年5月10日,1954（昭和29）年5月10日
12026,1670,野村 胡堂,54720,銭形平次捕物控 133 井戸の茶碗,旧字旧仮名,,特定非営利活動法人はるかぜ,門田裕志,公開,2016-10-11,錢形平次捕物全集第二十五卷　火の呪ひ,同光社,1954（昭和29）年5月10日,1954（昭和29）年5月10日
12031,1670,野村 胡堂,54721,銭形平次捕物控 136 鐘五郎の死,旧字旧仮名,,特定非営利活動法人はるかぜ,門田裕志,公開,2016-10-26,錢形平次捕物全集第二十五卷　火の呪ひ,同光社,1954（昭和29）年5月10日,1954（昭和29）年5月10日
12033,1670,野村 胡堂,54648,銭形平次捕物控 137 紅い扱帯,旧字旧仮名,,特定非営利活動法人はるかぜ,門田裕志,公開,2016-01-26,錢形平次捕物全集第十七卷　權八の罪,同光社磯部書房,1953（昭和28）年10月10日,1953（昭和28）年10月10日
12035,1670,野村 胡堂,54645,銭形平次捕物控 138 第廿七吉,旧字旧仮名,,特定非営利活動法人はるかぜ,門田裕志,公開,2016-01-30,錢形平次捕物全集第十七卷　權八の罪,同光社磯部書房,1953（昭和28）年10月10日,1953（昭和28）年10月10日
12037,1670,野村 胡堂,56405,銭形平次捕物控 139 父の遺書,新字新仮名,,特定非営利活動法人はるかぜ,noriko saito,公開,2019-11-16,銭形平次捕物控（十四）雛の別れ,嶋中文庫、嶋中書店,2005（平成17）年8月20日第1刷,2005（平成17）年8月20日第1刷
12039,1670,野村 胡堂,54649,銭形平次捕物控 140 五つの命,旧字旧仮名,,特定非営利活動法人はるかぜ,門田裕志,公開,2016-02-08,錢形平次捕物全集第十七卷　權八の罪,同光社磯部書房,1953（昭和28）年10月10日,1953（昭和28）年10月10日
12041,1670,野村 胡堂,54646,銭形平次捕物控 141 二枚の小判,旧字旧仮名,,特定非営利活動法人はるかぜ,門田裕志,公開,2016-02-11,錢形平次捕物全集第十七卷　權八の罪,同光社磯部書房,1953（昭和28）年10月10日,1953（昭和28）年10月10日
12043,1670,野村 胡堂,54644,銭形平次捕物控 142 権八の罪,旧字旧仮名,,特定非営利活動法人はるかぜ,門田裕志,公開,2016-02-14,錢形平次捕物全集第十七卷　權八の罪,同光社磯部書房,1953（昭和28）年10月10日,1953（昭和28）年10月10日
12045,1670,野村 胡堂,54643,銭形平次捕物控 143 仏喜三郎,旧字旧仮名,,特定非営利活動法人はるかぜ,門田裕志,公開,2016-02-19,錢形平次捕物全集第十七卷　權八の罪,同光社磯部書房,1953（昭和28）年10月10日,1953（昭和28）年10月10日
12047,1670,野村 胡堂,56388,銭形平次捕物控 144 茶碗割り,新字新仮名,,特定非営利活動法人はるかぜ,結城宏,公開,2020-01-08,銭形平次捕物控（十五）茶碗割り,嶋中文庫、嶋中書店,2005（平成17）年9月20日第1刷,2005（平成17）年9月20日第1刷
12049,1670,野村 胡堂,54641,銭形平次捕物控 145 蜘蛛の巣,旧字旧仮名,,特定非営利活動法人はるかぜ,門田裕志,公開,2016-02-26,錢形平次捕物全集第十七卷　權八の罪,同光社磯部書房,1953（昭和28）年10月10日,1953（昭和28）年10月10日
12051,1670,野村 胡堂,54642,銭形平次捕物控 146 秤座政談,旧字旧仮名,,特定非営利活動法人はるかぜ,門田裕志,公開,2016-03-02,錢形平次捕物全集第十七卷　權八の罪,同光社磯部書房,1953（昭和28）年10月10日,1953（昭和28）年10月10日
12053,1670,野村 胡堂,54651,銭形平次捕物控 147 縞の財布,旧字旧仮名,,特定非営利活動法人はるかぜ,門田裕志,公開,2016-03-05,錢形平次捕物全集第十七卷　權八の罪,同光社磯部書房,1953（昭和28）年10月10日,1953（昭和28）年10月10日
12055,1670,野村 胡堂,54655,銭形平次捕物控 148 彦徳の面,旧字旧仮名,,特定非営利活動法人はるかぜ,門田裕志,公開,2016-03-08,錢形平次捕物全集第十八卷　彦徳の面,同光社磯部書房,1953（昭和28）年10月20日,1953（昭和28）年10月20日
12057,1670,野村 胡堂,56393,銭形平次捕物控 149 遺言状,新字新仮名,,特定非営利活動法人はるかぜ,結城宏,公開,2020-02-27,銭形平次捕物控（十五）茶碗割り,嶋中文庫、嶋中書店,2005（平成17）年9月20日第1刷,2005（平成17）年9月20日第1刷
12059,1670,野村 胡堂,54657,銭形平次捕物控 150 槍の折れ,旧字旧仮名,,特定非営利活動法人はるかぜ,門田裕志,公開,2016-03-14,錢形平次捕物全集第十八卷　彦徳の面,同光社磯部書房,1953（昭和28）年10月20日,1953（昭和28）年10月20日
12062,1670,野村 胡堂,57213,銭形平次捕物控 152 棟梁の娘,新字新仮名,,特定非営利活動法人はるかぜ,結城宏,公開,2020-03-07,橋の上の女　――銭形平次傑作選②,潮出版社,1992（平成4）年12月15日,1992（平成4）年12月15日
12079,1670,野村 胡堂,58210,銭形平次捕物控 168 詭計の豆,新字新仮名,,結城宏,江村秀之,公開,2020-03-18,銭形平次捕物控（九）　全十冊,角川文庫、角川書店,1968（昭和43）年3月30日11版,1968（昭和43）年3月30日11版
12086,1670,野村 胡堂,57206,銭形平次捕物控 174 髷切り,新字新仮名,,特定非営利活動法人はるかぜ,結城宏,公開,2020-03-28,橋の上の女　――銭形平次傑作選②,潮出版社,1992（平成4）年12月15日,1992（平成4）年12月15日
12095,1670,野村 胡堂,58209,銭形平次捕物控 182 尼が紅,新字新仮名,,結城宏,江村秀之,公開,2020-04-10,銭形平次捕物控（九）　全十冊,角川文庫、角川書店,1968（昭和43）年3月30日11版,1968（昭和43）年3月30日11版
12110,1670,野村 胡堂,57207,銭形平次捕物控 200 死骸の花嫁,新字新仮名,,特定非営利活動法人はるかぜ,noriko saito,公開,2020-04-19,七人の花嫁　――銭形平次傑作選①,潮出版社,1992（平成4）年12月15日,1992（平成4）年12月15日
12120,1670,野村 胡堂,54754,銭形平次捕物控 211 遠眼鏡の殿様,旧字旧仮名,,特定非営利活動法人はるかぜ,門田裕志,公開,2017-04-16,錢形平次捕物全集第二十八卷　遠眼鏡の殿樣,同光社,1954（昭和29）年6月25日,1954（昭和29）年6月25日
12123,1670,野村 胡堂,57214,銭形平次捕物控 213 一と目千両,新字新仮名,,特定非営利活動法人はるかぜ,結城宏,公開,2020-05-07,橋の上の女　――銭形平次傑作選②,潮出版社,1992（平成4）年12月15日,1992（平成4）年12月15日
12143,1670,野村 胡堂,57215,銭形平次捕物控 233 鬼の面,新字新仮名,,特定非営利活動法人はるかぜ,結城宏,公開,2017-06-20,銭形平次捕物控　鬼の面,毎日新聞社,1999（平成11）年3月10日,1999（平成11）年3月10日
12145,1670,野村 胡堂,57205,銭形平次捕物控 236 夕立の女,新字新仮名,,特定非営利活動法人はるかぜ,結城宏,公開,2017-06-23,銭形平次捕物控　鬼の面,毎日新聞社,1999（平成11）年3月10日,1999（平成11）年3月10日
12147,1670,野村 胡堂,55701,銭形平次捕物控 237 毒酒薬酒,旧字旧仮名,,特定非営利活動法人はるかぜ,門田裕志,公開,2017-06-23,錢形平次捕物全集第三十四卷　江戸の夜光石,同光社,1954（昭和29）年10月25日,1954（昭和29）年10月25日
12151,1670,野村 胡堂,57203,銭形平次捕物控 239 群盗,新字新仮名,,特定非営利活動法人はるかぜ,結城宏,公開,2017-06-17,銭形平次捕物控　鬼の面,毎日新聞社,1999（平成11）年3月10日,1999（平成11）年3月10日
12158,1670,野村 胡堂,57202,銭形平次捕物控 246 万両分限,新字新仮名,,特定非営利活動法人はるかぜ,結城宏,公開,2017-07-14,銭形平次捕物控　猿回し,毎日新聞社,1999（平成11）年6月10日,1999（平成11）年6月10日
12187,1670,野村 胡堂,54585,銭形平次捕物控 277 和蘭の銀貨,旧字旧仮名,,特定非営利活動法人はるかぜ,門田裕志,公開,2015-12-18,錢形平次捕物全集第三卷　五月人形,同光社磯部書房,1953（昭和28）年6月20日再版,1953（昭和28）年6月20日再版
12193,1670,野村 胡堂,54588,銭形平次捕物控 282 密室,旧字旧仮名,,特定非営利活動法人はるかぜ,門田裕志,公開,2015-12-24,錢形平次捕物全集第四卷　からくり屋敷,同光社磯部書房,1953（昭和28）年5月10日,1953（昭和28）年5月10日
12205,1670,野村 胡堂,57249,銭形平次捕物控 297 花見の留守,新字新仮名,,特定非営利活動法人はるかぜ,noriko saito,公開,2020-06-07,鬼の面　――銭形平次傑作選③,潮出版社,1992（平成4）年12月15日,1992（平成4）年12月15日
12225,1670,野村 胡堂,54769,銭形平次捕物控 320 お六の役目,旧字旧仮名,,特定非営利活動法人はるかぜ,門田裕志,公開,2017-02-05,錢形平次捕物全集第三十四卷　江戸の夜光石,同光社,1954（昭和29）年10月25日,1954（昭和29）年10月25日
12227,1670,野村 胡堂,55702,銭形平次捕物控 321 橋場の人魚,旧字旧仮名,,特定非営利活動法人はるかぜ,門田裕志,公開,2017-02-08,錢形平次捕物全集第三十四卷　江戸の夜光石,同光社,1954（昭和29）年10月25日,1954（昭和29）年10月25日
12310,67,萩原 朔太郎,46547,易者の哲理,新字旧仮名,,土屋隆,noriko saito,公開,2006-10-27,日本の名随筆82　占,作品社,1989（平成元）年8月25日第1刷,1989（平成元）年8月25日第1刷
12440,67,萩原 朔太郎,50053,僕の孤独癖について,新字新仮名,,sogo,土屋隆,公開,2010-03-27,世界教養全集　別巻1　日本随筆・随想集,平凡社,1963（昭和38）年8月15日再版,1962（昭和37）年11月20日初版
12507,726,長谷川 時雨,47613,きもの,旧字旧仮名,,門田裕志,仙酔ゑびす,公開,2009-02-14,随筆　きもの,実業之日本社,1939（昭和14）年11月7日5版,1939（昭和14）年11月7日5版
12579,88,長谷川 集平,516,こんちりさんのりやく,新字新仮名,長谷川 集平,長谷川集平,,公開,1997-09-03,,,,
12701,291,林 芙美子,46643,蛙,新字旧仮名,,土屋隆,noriko saito,公開,2007-01-31,林芙美子全集　第十五巻,文泉堂出版,1977（昭和52）年4月20日,1977（昭和52）年4月20日
12734,291,林 芙美子,59364,晩菊,新字新仮名,,金子南,中島瑠香,公開,2019-12-31,林芙美子傑作集（一）,新潮文庫、新潮社,1969（昭和44）年10月30日第33刷,1969（昭和44）年10月30日第33刷
12765,1412,林田 清明,52949,夜光虫,新字新仮名,林田 清明,林田清明,林田清明,公開,2011-04-03,,,,
12814,293,原 民喜,4757,永遠のみどり,新字旧仮名,,ジェラスガイ,大野晋,公開,2002-09-22,日本の原爆文学1　原民喜,ほるぷ出版,1983（昭和58）年8月1日初版第1刷,
12820,293,原 民喜,4748,壊滅の序曲,新字旧仮名,,ジェラスガイ,皆森もなみ,公開,2002-09-20,日本の原爆文学1　原民喜,ほるぷ出版,1983（昭和58）年8月1日初版第1刷,
12874,293,原 民喜,4755,鎮魂歌,新字旧仮名,,ジェラスガイ,大野晋,公開,2002-09-22,日本の原爆文学1　原民喜,ほるぷ出版,1983（昭和58）年8月1日初版第1刷,
12882,293,原 民喜,4680,夏の花,新字新仮名,,砂場清隆,noriko saito,公開,2005-08-06,夏の花・心願の国,新潮文庫、新潮社,2000（平成12）年4月25日39刷改版,2004（平成16）年3月25日40刷
12887,293,原 民喜,4747,廃墟から,新字旧仮名,,ジェラスガイ,砂場清隆,公開,2002-09-20,日本の原爆文学1　原民喜,ほるぷ出版,1983（昭和58）年8月1日初版第1刷,1983（昭和58）年9月1日初版第2刷
12896,293,原 民喜,4754,火の唇,新字旧仮名,,ジェラスガイ,大野晋,公開,2002-09-22,日本の原爆文学1　原民喜,ほるぷ出版,1983（昭和58）年8月1日初版第1刷,
12917,293,原 民喜,4760,魔のひととき,新字旧仮名,,ジェラスガイ,Juki,公開,2002-09-23,日本の原爆文学1　原民喜,ほるぷ出版,1983（昭和58）年8月1日初版第1刷,
12965,64,樋口 一葉,56880,うつせみ,新字旧仮名,,岡村和彦,青米,公開,2016-10-19,にごりえ・たけくらべ,新潮文庫、新潮社,2005（平成17）年5月20日126刷,2014（平成26）年4月20日129刷
12969,64,樋口 一葉,55668,大つごもり,旧字旧仮名,,万波通彦,猫の手ぴい,公開,2020-11-23,太陽　第二卷三號,博文館,1896（明治29）年2月5日,1896（明治29）年2月5日
12973,64,樋口 一葉,56009,琴の音,旧字旧仮名,,万波通彦,Juki,公開,2013-12-19,文學界　第十二號,　,1893（明治26）年12月,1893（明治26）年12月
12978,64,樋口 一葉,386,十三夜,旧字旧仮名,,青空文庫,小林繁雄、米田進,公開,1997-10-15,日本現代文學全集　10　樋口一葉集,講談社,1969（昭和44）年10月1日第5刷,
12982,64,樋口 一葉,55671,たけくらべ,旧字旧仮名,,万波通彦,猫の手ぴい,公開,2018-05-02,文藝倶樂部第二卷第五編,博文館,1896（明治29）年4月,1896（明治29）年4月
12987,64,樋口 一葉,387,にごりえ,旧字旧仮名,,青空文庫,小林繁雄、米田進,公開,1997-10-15,日本現代文學全集　10　樋口一葉集,講談社,1969（昭和44）年10月1日第5刷,
12990,64,樋口 一葉,4094,軒もる月,新字旧仮名,,もりみつじゅんじ,浅原庸子,公開,2003-04-09,全集樋口一葉　第二巻　小説編二〈復刻版〉,小学館,1996（平成8）年11月10日復刻版第1刷,
12997,64,樋口 一葉,392,ゆく雲,旧字旧仮名,,青空文庫,小林繁雄、米田進,公開,1997-10-15,日本現代文學全集　10　樋口一葉集,講談社,1969（昭和44）年10月1日第5刷,
13001,64,樋口 一葉,56889,わかれ道,新字旧仮名,,岡村和彦,Juki,公開,2017-05-02,にごりえ・たけくらべ,新潮文庫、新潮社,2005（平成17）年5月20日126刷,2005（平成17）年5月20日126刷
13103,1224,久生 十蘭,46086,無月物語,新字新仮名,,門田裕志,芝裕久,公開,2021-10-06,久生十蘭全集　Ⅱ,三一書房,1992（平成4）年2月29日第1版第8刷,1986（昭和61）年6月30日第1版第6刷
13144,80,平出 修,4144,計画,新字旧仮名,,林幸雄,松永正敏,公開,2003-06-15,定本　平出修集,春秋社,1965（昭和40）年6月15日発行,
13188,221,平林 初之輔,1096,政治的価値と芸術的価値 マルクス主義文学理論の再吟味,旧字旧仮名,,田中亨吾,大野裕,公開,2000-10-20,日本現代文學全集69　プロレタリア文學集,講談社,,
13274,296,福沢 諭吉,50298,人生の楽事,旧字旧仮名,,田中哲郎,小林繁雄,公開,2011-05-07,福澤諭吉全集　第14卷,岩波書店,1970（昭和45）年11月13日再版,1970（昭和45）年11月13日再版
13577,1030,堀 辰雄,55419,恢復期,旧字旧仮名,,大沢たかお,岡村和彦,公開,2012-11-27,堀辰雄作品集第一卷,筑摩書房,1982（昭和57）年5月28日初版第1刷,1982（昭和57）年5月28日初版第1刷　
13613,1030,堀 辰雄,4802,聖家族,新字新仮名,,kompass,松永正敏,公開,2004-02-25,昭和文学全集　第6巻,小学館,1988（昭和63）年6月1日初版第1刷,1988（昭和63）年6月1日初版第1刷
13618,1030,堀 辰雄,4816,旅の絵,新字新仮名,,kompass,染川隆俊,公開,2004-02-12,燃ゆる頬・聖家族,新潮文庫、新潮社,1987（昭和62）年10月20日51刷,
13644,1030,堀 辰雄,4809,花を持てる女,新字新仮名,,kompass,染川隆俊,公開,2004-03-02,幼年時代・晩夏,新潮文庫、新潮社,1987（昭和62）年9月15日38刷,
13662,1030,堀 辰雄,53882,噴水のほとりで――,新字旧仮名,,川山隆,染川隆俊,公開,2012-12-11,日本の名随筆33　水,作品社,1985（昭和60）年7月25日第1刷,1996（平成8）年2月29日第15刷　
13671,1030,堀 辰雄,55423,窓,旧字旧仮名,,大沢たかお,岡村和彦,公開,2012-11-30,堀辰雄作品集第一卷,筑摩書房,1982（昭和57）年5月28日初版第1刷,1982（昭和57）年5月28日初版第1刷　
13679,1030,堀 辰雄,4813,麦藁帽子,新字新仮名,,kompass,染川隆俊,公開,2004-02-02,燃ゆる頬・聖家族,新潮文庫、新潮社,1987（昭和62）年10月20日51刷,
13685,1030,堀 辰雄,4814,燃ゆる頬,新字新仮名,,kompass,染川隆俊,公開,2004-02-02,燃ゆる頬・聖家族,新潮文庫、新潮社,1987（昭和62）年10月20日51刷,
13700,1030,堀 辰雄,4815,ルウベンスの偽画,新字新仮名,,kompass,染川隆俊,公開,2004-02-07,燃ゆる頬・聖家族,新潮文庫、新潮社,1987（昭和62）年10月20日51刷,
13704,1030,堀 辰雄,47949,炉辺,旧字旧仮名,,tatsuki,染川隆俊,公開,2011-04-20,堀辰雄作品集第四卷,筑摩書房,1982（昭和57）年8月30日初版第1刷,1982（昭和57）年8月30日初版第1刷
13840,183,牧野 信一,45347,鬼涙村,新字旧仮名,,宮元淳一,伊藤時也,公開,2006-10-20,牧野信一全集第五巻,筑摩書房,2002（平成14）年7月20日初版第1刷,2002（平成14）年7月20日初版第1刷
13893,183,牧野 信一,1891,城ヶ島の春,旧字旧仮名,,地田尚,小林繁雄,公開,2002-12-09,「鬼涙村」復刻版,沖積舎,1990（平成2）年11月5日,1990（平成2）年11月5日
13920,183,牧野 信一,45218,西部劇通信,新字旧仮名,,宮元淳一,砂場清隆,公開,2008-06-13,牧野信一全集第三巻,筑摩書房,2002（平成14）年5月20日初版第1刷,2002（平成14）年5月20日初版第1刷
13950,183,牧野 信一,49719,地球儀,新字新仮名,,岡本ゆみ子,noriko saito,公開,2009-10-31,日本文学全集37　牧野信一・梶井基二郎集,集英社,1970（昭和45）年1月5日2版,1981（昭和56）年7月20日6版
14026,183,牧野 信一,4650,文学的自叙伝,旧字旧仮名,,地田尚,小林繁雄,公開,2002-11-26,「鬼涙村」復刻版,沖積舎,1990（平成2）年11月5日,1990（平成2）年11月5日
14057,183,牧野 信一,1893,緑の軍港,旧字旧仮名,,地田尚,小林繁雄,公開,2002-11-26,「鬼涙村」復刻版,沖積舎,1990（平成2）年11月5日,1990（平成2）年11月5日
14248,305,正岡 子規,57876,あきまろに答ふ,新字新仮名,,高瀬竜一,hitsuji,公開,2019-10-14,子規選集　第七巻　子規の短歌革新,増進会出版社,2002（平成14）年4月12日初版第1刷,2002（平成14）年4月12日初版第1刷
14251,305,正岡 子規,3621,犬,新字旧仮名,,渡邉つよし,門田裕志,公開,2001-10-09,日本の名随筆76　犬,作品社,1991（平成3）年9月20日第5刷,
14253,305,正岡 子規,2533,歌よみに与ふる書,新字旧仮名,,網迫、土屋隆,川向直樹,公開,2004-08-24,歌よみに与ふる書,岩波文庫、岩波書店,2002（平成14）年11月15日第26刷,2003（平成15）年9月5日第27刷
14261,305,正岡 子規,1902,九月十四日の朝,旧字旧仮名,,渡邉つよし,浦田伴俊,公開,2000-12-12,日本の名随筆19　秋,作品社,1991（平成3）年9月1日第12刷,
14289,305,正岡 子規,47985,俳人蕪村,新字新仮名,,蒋龍,米田,公開,2011-01-21,日本の文学　15　石川啄木・正岡子規・高浜虚子,中央公論社,1973（昭和48）年7月30日10版,1979（昭和54）年3月15日12版
14291,305,正岡 子規,42167,墓,新字旧仮名,,小林繁雄,門田裕志,公開,2003-09-19,日本の名随筆55　葬,作品社,1990（平成2）年2月10日第4刷,1987（昭和62）年5月25日第1刷
14322,1581,正宗 白鳥,57319,入江のほとり,旧字旧仮名,,山村信一郎,フクポー,公開,2018-10-28,正宗白鳥全集第五卷,福武書店,1983（昭和58）年12月25日,1983（昭和58）年12月25日
14483,218,三木 清,1914,人生論ノート,新字新仮名,,阿部哲也,砂場清隆,公開,2018-01-05,人生論ノート,新潮文庫、新潮社,2012（平成24）年9月5日106刷,2017（平成29）年5月5日111刷
14486,218,三木 清,43291,省察 神の存在、及び人間の霊魂と肉体との区別を論証する、第一哲学についての,新字新仮名,三木 清,京都大学電子テクスト研究会入力班,京都大学電子テクスト研究会校正班,公開,2006-03-07,省察,岩波文庫、岩波書店,1958（昭和33）年12月20日第13刷,
14664,81,宮沢 賢治,50766,イギリス海岸,新字新仮名,,ゆうき,noriko saito,公開,2010-10-24,イーハトーボ農学校の春,角川文庫、角川書店,1996（平成8）年3月25日初版,1996（平成8）年3月25日初版
14675,81,宮沢 賢治,1926,狼森と笊森、盗森,新字旧仮名,,土屋隆,noriko saito,公開,2005-03-28,宮沢賢治全集8,ちくま文庫、筑摩書房,2004（平成16）年4月25日第20刷,2004（平成16）年4月25日第20刷
14686,81,宮沢 賢治,46600,蛙のゴム靴,新字新仮名,,蒋龍,noriko saito,公開,2008-12-23,新編風の又三郎,新潮文庫、新潮社,1989（平成元）年6月10日2刷,2005（平成17）年2月5日第22刷
14700,81,宮沢 賢治,1928,烏の北斗七星,新字旧仮名,,土屋隆,noriko saito,公開,2005-03-28,宮沢賢治全集8,ちくま文庫、筑摩書房,2004（平成16）年4月25日第20刷,2004（平成16）年4月25日第20刷
14710,81,宮沢 賢治,46606,気のいい火山弾,新字新仮名,,蒋龍,noriko saito,公開,2008-04-10,注文の多い料理店,新潮文庫、新潮社,1995（平成7）年5月30日11刷,2004（平成16）年5月20日29刷
14713,81,宮沢 賢治,43737,銀河鉄道の夜,新字新仮名,,幸野素子,土屋隆,公開,2005-08-26,銀河鉄道の夜,角川文庫、角川書店,1987（昭和62）年3月30日改版50版,1991（平成3）年6月10日改版65版
14729,81,宮沢 賢治,46601,虔十公園林,新字新仮名,,蒋龍,noriko saito,公開,2008-11-20,新編風の又三郎,新潮文庫、新潮社,1989（平成元）年6月10日2刷,2005（平成17）年2月5日第22刷
14734,81,宮沢 賢治,50762,耕耘部の時計,新字新仮名,,ゆうき,noriko saito,公開,2010-10-07,イーハトーボ農学校の春,角川文庫、角川書店,1996（平成8）年3月25日初版,1996（平成8）年3月25日初版
14746,81,宮沢 賢治,50763,さいかち淵,新字新仮名,,ゆうき,noriko saito,公開,2010-10-07,イーハトーボ農学校の春,角川文庫、角川書店,1996（平成8）年3月25日初版,1996（平成8）年3月25日初版
14756,81,宮沢 賢治,43760,鹿踊りのはじまり,新字新仮名,,土屋隆,noriko saito,公開,2005-03-20,注文の多い料理店,新潮文庫、新潮社,1997（平成9）年5月10日17刷,2004（平成16）年5月20日第29刷
14764,81,宮沢 賢治,46602,十月の末,新字新仮名,,蒋龍,noriko saito,公開,2008-08-03,新編風の又三郎,新潮文庫、新潮社,1989（平成元）年6月10日2刷,2005（平成17）年2月5日22刷
14773,81,宮沢 賢治,1930,水仙月の四日,新字旧仮名,,あきら,伊藤時也,公開,2003-05-15,宮沢賢治全集8,ちくま文庫、筑摩書房,1986（昭和61）年1月28日第1刷,1998（平成10）年4月1日第16刷
14791,81,宮沢 賢治,50764,台川,新字新仮名,,ゆうき,noriko saito,公開,2010-10-07,イーハトーボ農学校の春,角川文庫、角川書店,1996（平成8）年3月25日初版,1996（平成8）年3月25日初版
14797,81,宮沢 賢治,46603,谷,新字新仮名,,蒋龍,noriko saito,公開,2008-11-20,新編風の又三郎,新潮文庫、新潮社,1989（平成元）年6月10日2刷,2005（平成17）年2月5日第22刷
14799,81,宮沢 賢治,50767,種山ヶ原,新字新仮名,,ゆうき,noriko saito,公開,2010-10-24,イーハトーボ農学校の春,角川文庫、角川書店,1996（平成8）年3月25日初版,1996（平成8）年3月25日初版
14804,81,宮沢 賢治,1927,注文の多い料理店,新字旧仮名,,土屋隆,noriko saito,公開,2005-03-28,宮沢賢治全集8,ちくま文庫、筑摩書房,2004（平成16）年4月25日第20刷,2004（平成16）年4月25日第20刷
14807,81,宮沢 賢治,43736,『注文の多い料理店』序,新字新仮名,,土屋隆,noriko saito,公開,2005-02-25,注文の多い料理店,新潮文庫、新潮社,1997（平成9）年5月10日17刷,2004（平成16）年5月20日第29刷
14813,81,宮沢 賢治,1929,月夜のでんしんばしら,新字旧仮名,,土屋隆,noriko saito,公開,2005-03-29,宮沢賢治全集8,ちくま文庫、筑摩書房,2004（平成16）年4月25日第20刷,2004（平成16）年4月25日第20刷
14833,81,宮沢 賢治,1925,どんぐりと山猫,新字旧仮名,,土屋隆,noriko saito,公開,2005-03-29,宮沢賢治全集8,ちくま文庫、筑摩書房,2004（平成16）年4月25日第20刷,2004（平成16）年4月25日第20刷
14839,81,宮沢 賢治,46608,楢ノ木大学士の野宿,新字新仮名,,蒋龍,noriko saito,公開,2008-09-28,注文の多い料理店,新潮文庫、新潮社,1995（平成7）年5月30日11刷,2004（平成16）年5月20日29刷
14842,81,宮沢 賢治,46604,二十六夜,新字新仮名,,蒋龍,noriko saito,公開,2009-05-11,新編風の又三郎,新潮文庫、新潮社,1989（平成元）年6月10日2刷,2005（平成17）年2月5日第22刷
14881,81,宮沢 賢治,50765,二人の役人,新字新仮名,,ゆうき,noriko saito,公開,2010-10-07,イーハトーボ農学校の春,角川文庫、角川書店,1996（平成8）年3月25日初版,1996（平成8）年3月25日初版
14907,81,宮沢 賢治,43758,山男の四月,新字新仮名,,土屋隆,noriko saito,公開,2005-03-20,注文の多い料理店,新潮文庫、新潮社,1997（平成9）年5月10日17刷,2004（平成16）年5月20日第29刷
14909,81,宮沢 賢治,46605,やまなし,新字新仮名,,蒋龍,noriko saito,公開,2008-05-24,新編風の又三郎,新潮文庫、新潮社,1989（平成元）年6月10日2刷,2005（平成17）年2月5日第22刷
14915,81,宮沢 賢治,2543,雪渡り,新字旧仮名,,土屋隆,鈴木厚司,公開,2009-02-08,宮沢賢治全集8,ちくま文庫、筑摩書房,2004（平成16）年4月25日第20刷,1986（昭和61）年1月28日第1刷
15023,311,宮本 百合子,4132,あとがき（『宮本百合子選集』第二巻）,新字新仮名,,柴田卓治,磐余彦,公開,2004-04-19,宮本百合子全集　第十八巻,新日本出版社,1986（昭和61）年3月20日第2版第1刷,
15323,311,宮本 百合子,4044,今年こそは,新字新仮名,,柴田卓治,磐余彦,公開,2003-12-30,宮本百合子全集　第十七巻,新日本出版社,1986（昭和61）年3月20日第4刷,
15946,311,宮本 百合子,2784,文芸時評,新字新仮名,,柴田卓治,米田進,公開,2003-03-25,宮本百合子全集　第十一巻,新日本出版社,1986（昭和61）年3月20日第5刷,
16026,311,宮本 百合子,7913,無題（一）,新字新仮名,,柴田卓治,土屋隆,公開,2009-04-07,宮本百合子全集　第二十九巻,新日本出版社,1986（昭和61）年3月20日第5刷,1986（昭和61）年3月20日第5刷　
16030,311,宮本 百合子,7929,無題（三）,新字新仮名,,柴田卓治,土屋隆,公開,2009-04-07,宮本百合子全集　第二十九巻,新日本出版社,1986（昭和61）年3月20日第5刷,1986（昭和61）年3月20日第5刷　
16037,311,宮本 百合子,4161,無題（二）,新字新仮名,,柴田卓治,磐余彦,公開,2004-04-24,宮本百合子全集　第十八巻,新日本出版社,1986（昭和61）年3月20日第2版第1刷,
16040,311,宮本 百合子,7936,無題（四）,新字新仮名,,柴田卓治,土屋隆,公開,2009-04-07,宮本百合子全集　第二十九巻,新日本出版社,1986（昭和61）年3月20日第5刷,1986（昭和61）年3月20日第5刷　
16539,129,森 鴎外,679,寒山拾得,旧字旧仮名,,青空文庫,,公開,1997-10-08,鴎外全集　第十六卷,岩波書店,1973（昭和48）年2月22日,1973（昭和48）年2月22日
16541,129,森 鴎外,43732,寒山拾得縁起,新字新仮名,,佐野良二,伊藤時也,公開,2000-09-12,日本の文学　3　森鴎外（二）,中央公論社,1967（昭和42）年2月4日初版,
16554,129,森 鴎外,687,最後の一句,旧字旧仮名,,青空文庫,,公開,1997-10-08,日本現代文學全集　7　森鴎外集,講談社,1980（昭和55）年5月26日増補改訂版第1刷,1980（昭和55）年5月26日増補改訂版第1刷
16584,129,森 鴎外,692,高瀬舟,旧字旧仮名,,岡島昭浩,小林繁雄,公開,1997-07-07,中央公論　第三十一年第一號,中央公論社,1916（大正5）年1月,1916（大正5）年1月
16587,129,森 鴎外,46234,高瀬舟縁起,新字新仮名,,kompass,土屋隆,公開,2006-04-20,山椒大夫・高瀬舟他四篇,岩波文庫、岩波書店,1967（昭和42）年6月16日第34刷改版、1991（平成3）年12月5日第66刷,1967（昭和42）年6月16日第34刷改版、1995（平成7）年12月5日第74刷
16606,129,森 鴎外,45254,花子,新字新仮名,,土屋隆,川山隆,公開,2008-05-07,カラー版日本文学全集7　森鴎外,河出書房新社,1969（昭和44）年3月30日初版,1969（昭和44）年3月30日初版
16628,129,森 鴎外,58126,舞姫,新字新仮名,,高瀬竜一,岡村和彦,公開,2021-07-09,舞姫,集英社文庫、集英社,2011（平成23）年3月8日第13刷,2011（平成23）年6月6日第14刷
16839,1525,箭内 亙,51921,国訳史記列伝 01 伯夷列伝第一,旧字旧仮名,箭内 亙、箭内 亙,はまなかひとし,みきた,公開,2020-07-17,國譯漢文大成　經子史部第十五卷　史記列傳,東洋文化協會,1955（昭和30）年5月30日複版,1955（昭和30）年5月30日複版
16841,1525,箭内 亙,51918,国訳史記列伝 02 管晏列伝第二,旧字旧仮名,箭内 亙、箭内 亙,はまなかひとし,みきた,公開,2021-07-17,國譯漢文大成　經子史部第十五卷　史記列傳,東洋文化協會,1955（昭和30）年5月30日複版,1955（昭和30）年5月30日複版
16895,1566,柳田 国男,58443,食料名彙,新字新仮名,,フクポー,木下聡,公開,2019-07-31,柳田國男全集20,ちくま文庫、筑摩書房,1990（平成2）年7月31日第1刷,1990（平成2）年7月31日第1刷
17054,1869,山本 周五郎,57495,青べか物語,新字新仮名,,富田晶子,Juki、栗原もなこ,公開,2018-08-16,青べか物語,新潮文庫、新潮社,2006（平成18）年3月20日69刷,2015（平成27）年6月25日80刷
17576,1562,吉川 英治,55252,折々の記,旧字旧仮名,,川山隆,トレンドイースト,公開,2013-09-23,折々の記,六興出版,1953（昭和28）年12月25日初版,
17856,1124,魯迅 ,42939,故郷,新字新仮名,井上 紅梅,京都大学電子テクスト研究会入力班,京都大学電子テクスト研究会校正班,公開,2004-04-01,魯迅全集,改造社,1932（昭和7）年11月18日,
17968,162,若山 牧水,4649,みなかみ紀行,旧字旧仮名,,林幸雄,松永正敏,公開,2004-06-03,現代日本紀行文学全集　東日本編,ほるぷ出版,1976（昭和51）年8月1日初版,
